TaxID,Name,Pathogenic associations
46125,Abiothrophia defectiva,"Эндофтальмиты, абсцессы мозга, остеомиелиты, перитониты, эндокардиты"
146475,Acetobacter cibinongensis,Бактериемия
217204,Achromobacter insolitus,"Септицемия, инфекции ассоциированные с перитонеальным диализом, пневмонии, инфекции уха, легочные инфекции у лиц с муковисцидозом, кератиты"
1287735,Achromobacter insuavis,Редкий
470868,Achromobacter marplatensis,Редкий
1389922,Achromobacter mucicolens,Редкий
72556,Achromobacter piechaudii,"Септицемия, инфекции ассоциированные с перитонеальным диализом, пневмонии, инфекции уха, легочные инфекции у лиц с муковисцидозом, кератиты"
1389932,Achromobacter pulmonis,Редкий
72557,Achromobacter ruhlandii,"Септицемия, инфекции ассоциированные с перитонеальным диализом, пневмонии, инфекции уха, легочные инфекции у лиц с муковисцидозом, кератиты"
217203,Achromobacter spanius,"Септицемия, инфекции ассоциированные с перитонеальным диализом, пневмонии, инфекции уха, легочные инфекции у лиц с муковисцидозом, кератиты"
85698,Achromobacter xylosoxidans,"Септицемия, инфекции ассоциированные с перитонеальным диализом, пневмонии, инфекции уха, легочные инфекции у лиц с муковисцидозом, кератиты"
905,Acidaminococcus fermentans,"Абсцессы, постоперативные инфекции"
437,Acidomonas methanolica,Редкий
80867,Acidovorax avenae,"Раневые инфекции, инфекции уретрального тракта, бактериемия, менингиты, септические артриты"
47920,Acidovorax delafieldii,"Раневые инфекции, инфекции уретрального тракта, бактериемия, менингиты, септические артриты"
12917,Acidovorax facilis,"Раневые инфекции, инфекции уретрального тракта, бактериемия, менингиты, септические артриты"
862720,Acidovorax oryzae,"Раневые инфекции, инфекции уретрального тракта, бактериемия, менингиты, септические артриты"
80878,Acidovorax temperans,"Раневые инфекции, инфекции уретрального тракта, бактериемия, менингиты, септические артриты"
470,Acinetobacter baumannii,"ESKAPE. Септицемия, инфекции уретрального тракта, абсцессы, эндокардиты, менингиты, остеомиелиты. Нозокомиальные вспышки. У ослабленных пациентов"
202950,Acinetobacter baylyi,"Септицемия, инфекции уретрального тракта, абсцессы, эндокардиты, менингиты, остеомиелиты. Нозокомиальные вспышки. У ослабленных пациентов"
262668,Acinetobacter beijerinckii,"Септицемия, инфекции уретрального тракта, абсцессы, эндокардиты, менингиты, остеомиелиты. Нозокомиальные вспышки. У ослабленных пациентов"
106648,Acinetobacter bereziniae,"Септицемия, инфекции уретрального тракта, абсцессы, эндокардиты, менингиты, остеомиелиты. Нозокомиальные вспышки. У ослабленных пациентов"
471,Acinetobacter calcoaceticus,"Септицемия, инфекции уретрального тракта, абсцессы, эндокардиты, менингиты, остеомиелиты. Нозокомиальные вспышки. У ослабленных пациентов"
106649,Acinetobacter guillouiae,"Септицемия, инфекции уретрального тракта, абсцессы, эндокардиты, менингиты, остеомиелиты. Нозокомиальные вспышки. У ослабленных пациентов"
134534,Acinetobacter gyllenbergii,"Септицемия, инфекции уретрального тракта, абсцессы, эндокардиты, менингиты, остеомиелиты. Нозокомиальные вспышки. У ослабленных пациентов"
29430,Acinetobacter haemolyticus,"Септицемия, инфекции уретрального тракта, абсцессы, эндокардиты, менингиты, остеомиелиты. Нозокомиальные вспышки. У ослабленных пациентов"
40214,Acinetobacter johnsonii,"Септицемия, инфекции уретрального тракта, абсцессы, эндокардиты, менингиты, остеомиелиты. Нозокомиальные вспышки. У ослабленных пациентов"
40215,Acinetobacter junii,"Септицемия, инфекции уретрального тракта, абсцессы, эндокардиты, менингиты, остеомиелиты. Нозокомиальные вспышки. У ослабленных пациентов"
2053287,Acinetobacter lwoffi,"Септицемия, инфекции уретрального тракта, абсцессы, эндокардиты, менингиты, остеомиелиты. Нозокомиальные вспышки. У ослабленных пациентов"
106654,Acinetobacter nosocomialis,"Септицемия, инфекции уретрального тракта, абсцессы, эндокардиты, менингиты, остеомиелиты. Нозокомиальные вспышки. У ослабленных пациентов"
134533,Acinetobacter parvus,"Септицемия, инфекции уретрального тракта, абсцессы, эндокардиты, менингиты, остеомиелиты. Нозокомиальные вспышки. У ослабленных пациентов"
48296,Acinetobacter pittii,"Септицемия, инфекции уретрального тракта, абсцессы, эндокардиты, менингиты, остеомиелиты. Нозокомиальные вспышки. У ослабленных пациентов"
40216,Acinetobacter radioresistens,"Септицемия, инфекции уретрального тракта, абсцессы, эндокардиты, менингиты, остеомиелиты. Нозокомиальные вспышки. У ослабленных пациентов"
108981,Acinetobacter schindleri,"Септицемия, инфекции уретрального тракта, абсцессы, эндокардиты, менингиты, остеомиелиты. Нозокомиальные вспышки. У ослабленных пациентов"
1530123,Acinetobacter seifertii,"Септицемия, инфекции уретрального тракта, абсцессы, эндокардиты, менингиты, остеомиелиты. Нозокомиальные вспышки. У ослабленных пациентов"
465797,Acinetobacter septicus,"Септицемия, инфекции уретрального тракта, абсцессы, эндокардиты, менингиты, остеомиелиты. Нозокомиальные вспышки. У ослабленных пациентов"
108980,Acinetobacter ursingii,"Септицемия, инфекции уретрального тракта, абсцессы, эндокардиты, менингиты, остеомиелиты. Нозокомиальные вспышки. У ослабленных пациентов"
70346,Acinetobacter variabilis,"Септицемия, инфекции уретрального тракта, абсцессы, эндокардиты, менингиты, остеомиелиты. Нозокомиальные вспышки. У ослабленных пациентов"
718,Actinobacillus equuli,"Раневые инфекции, абсцессы, эндокардиты, менингиты, инфекции ассоциированные с укусами"
719,Actinobacillus hominis,"Септицемия, эмпиема"
720,Actinobacillus lignieresii,"Раневые инфекции, абсцессы, эндокардиты, менингиты, инфекции ассоциированные с укусами"
715,Actinobacillus pleuropneumoniae,"Раневые инфекции, абсцессы, эндокардиты, менингиты, инфекции ассоциированные с укусами"
716,Actinobacillus suis,"Раневые инфекции, абсцессы, эндокардиты, менингиты, инфекции ассоциированные с укусами"
723,Actinobacillus ureae,"Менингиты, пневмонии, эндокардиты, гепатиты, перитониты, инфекции респираторного тракта"
202789,Actinobaculum massiliense,"Пиелонефриты, инфекции уретрального тракта, инфекции кожи. Флора респираторного тракта"
392828,Actinomadura chibensis,"Актиномицетома, мадурская стопа "
163603,Actinomadura latina,"Актиномицетома, мадурская стопа "
1993,Actinomadura madurae,"Актиномицетома, мадурская стопа "
134959,Actinomadura mexicana,"Актиномицетома, мадурская стопа "
240840,Actinomadura meyerae,"Актиномицетома, мадурская стопа "
111805,Actinomadura pelletieri,"Актиномицетома, мадурская стопа "
589159,Actinomadura sputi,"Актиномицетома, мадурская стопа "
115336,Actinomadura vinacea,"Актиномицетома, мадурская стопа "
1658,Actinomyces bovis,Актиномикоз
272548,Actinomyces dentalis,Актиномикоз
52769,Actinomyces gerencseriae,Актиномикоз
55565,Actinomyces graevenitzii,Актиномикоз
1659,Actinomyces israelii,Актиномикоз
544581,Actinomyces johnsonii,Актиномикоз
461393,Actinomyces massiliensis,Актиномикоз
1655,Actinomyces naeslundii,Актиномикоз
206043,Actinomyces oricola,Актиномикоз
544580,Actinomyces oris,Актиномикоз
111015,Actinomyces radicidentis,Актиномикоз
1288391,Actinomyces timonensis,Актиномикоз
1689268,Actinomyces urinae,Актиномикоз
103621,Actinomyces urogenitalis,Актиномикоз
1656,Actinomyces viscosus,Актиномикоз
1445614,Actinotignum sanguinis,"Пиелонефриты, инфекции уретрального тракта, инфекции кожи. Флора респираторного тракта"
59505,Actinotignum schaalii,"Пиелонефриты, инфекции уретрального тракта, инфекции кожи. Флора респираторного тракта"
190146,Actinotignum urinale,"Пиелонефриты, инфекции уретрального тракта, инфекции кожи. Флора респираторного тракта"
267800,Advenella incenata,"Легочные инфекции, бактериемия"
87541,Aerococcus christensenii,"Эндокардиты, инфекции уретрального тракта, менингиты, абсцессы, инфекции ассоциированные с перитонеальным диализом, лимфадениты, спондодактилиты"
119206,Aerococcus sanguinicola,"Эндокардиты, инфекции уретрального тракта, менингиты, абсцессы, инфекции ассоциированные с перитонеальным диализом, лимфадениты, спондодактилиты"
1376,Aerococcus urinae,"Эндокардиты, инфекции уретрального тракта, менингиты, абсцессы, инфекции ассоциированные с перитонеальным диализом, лимфадениты, спондодактилиты"
128944,Aerococcus urinaehominis,"Эндокардиты, инфекции уретрального тракта, менингиты, абсцессы, инфекции ассоциированные с перитонеальным диализом, лимфадениты, спондодактилиты"
1377,Aerococcus viridans,"Эндокардиты, инфекции уретрального тракта, менингиты, абсцессы, инфекции ассоциированные с перитонеальным диализом, лимфадениты, спондодактилиты"
656,Aeromonas allosaccharophila,"Раневые инфекции, абсцессы, септицемия, менингиты, инфекции ассоциированные с укусами пиявок, диарея. Ассоциирован с водой"
105751,Aeromonas bestiarum,"Раневые инфекции, абсцессы, септицемия, менингиты, инфекции ассоциированные с укусами пиявок, диарея. Ассоциирован с водой"
648,Aeromonas caviae,"Раневые инфекции, абсцессы, септицемия, менингиты, инфекции ассоциированные с укусами пиявок, диарея. Ассоциирован с водой"
196024,Aeromonas dhakensis,"Раневые инфекции, абсцессы, септицемия, менингиты, инфекции ассоциированные с укусами пиявок, диарея. Ассоциирован с водой"
29489,Aeromonas enteropelogenes,"Раневые инфекции, абсцессы, септицемия, менингиты, инфекции ассоциированные с укусами пиявок, диарея. Ассоциирован с водой"
644,Aeromonas hydrophila,"Раневые инфекции, абсцессы, септицемия, менингиты, инфекции ассоциированные с укусами пиявок, диарея. Ассоциирован с водой"
650,Aeromonas jandaei,"Раневые инфекции, абсцессы, септицемия, менингиты, инфекции ассоциированные с укусами пиявок, диарея. Ассоциирован с водой"
651,Aeromonas media,"Раневые инфекции, абсцессы, септицемия, менингиты, инфекции ассоциированные с укусами пиявок, диарея. Ассоциирован с водой"
645,Aeromonas salmonicida,"Раневые инфекции, абсцессы, септицемия, менингиты, инфекции ассоциированные с укусами пиявок, диарея. Ассоциирован с водой"
633415,Aeromonas sanarellii,"Раневые инфекции, абсцессы, септицемия, менингиты, инфекции ассоциированные с укусами пиявок, диарея. Ассоциирован с водой"
652,Aeromonas schubertii,"Раневые инфекции, абсцессы, септицемия, менингиты, инфекции ассоциированные с укусами пиявок, диарея. Ассоциирован с водой"
646,Aeromonas sobria,"Раневые инфекции, абсцессы, септицемия, менингиты, инфекции ассоциированные с укусами пиявок, диарея. Ассоциирован с водой"
633417,Aeromonas taiwanensis,"Раневые инфекции, абсцессы, септицемия, менингиты, инфекции ассоциированные с укусами пиявок, диарея. Ассоциирован с водой"
654,Aeromonas veronii,"Раневые инфекции, абсцессы, септицемия, менингиты, инфекции ассоциированные с укусами пиявок, диарея. Ассоциирован с водой"
151414,Afipia birgiae,Пневмонии
56946,Afipia broomeae,"Инфекции костного мозга, септические артриты"
1034,Afipia clevelandensis,Инфекции костей
1035,Afipia felis,Болезнь кошачьей царапины
211460,Afipia massiliensis,Пневмонии
39491,Agathobacter rectalis,Флора кишечника
714,Aggregatibacter actinomycetemcomitans ,"HACEK. Периодонтиты, эндокардиты, абсцессы, перикардиты, менингиты. Флора рта"
732,Aggregatibacter aphrophilus,"HACEK. Периодонтиты, эндокардиты, абсцессы, перикардиты, менингиты. Флора рта"
739,Aggregatibacter segnis,"HACEK. Периодонтиты, эндокардиты, абсцессы, перикардиты, менингиты. Флора рта"
362,Agrobacterium radiobacter,"Эндокардиты, инфекции ассоциированные с перитонеальным диализом, инфекции уретрального тракта, сепсис"
358,Agrobacterium tumefaciens,"Эндокардиты, инфекции ассоциированные с перитонеальным диализом, инфекции уретрального тракта, сепсис"
648995,Agrobacterium pusense,Бактериемия
511,Alcaligenes faecalis,"пневмонии, отиты, инфекции уретрального тракта, остеомиелиты, бактериемия"
32001,Alcaligenes odorans,"Пневмонии, отиты, инфекции уретрального тракта, остеомиелиты, бактериемия"
111143,Alishewanella fetalis,Смерть плода
214856,Alistipes finegoldii,"Аппендицит, перитониты, абдоминальные абсцессы"
626932,Alistipes indistinctus,"Аппендицит, перитониты, абдоминальные абсцессы"
328813,Alistipes onderdonkii,"Аппендицит, перитониты, абдоминальные абсцессы"
28117,Alistipes putredinis,"Аппендицит, перитониты, абдоминальные абсцессы"
328814,Alistipes shahii,"Аппендицит, перитониты, абдоминальные абсцессы"
208968,Alkanindiges hongkongensis,Абсцессы
1652,Alloiococcus otitis,Средний отит
671218,Alloprevotella rava,Флора рта
76122,Alloprevotella tannerae,"Абсцессы, бактериемия, раневые инфекции, инфекции ассоциированные с укусами, инфекции уретрального тракта, периодонтиты, инфекции эндодонта"
419015,Alloscardovia omnicolens,"Бактериемия, преждевременный разрыв амниотического мешка"
346045,Amycolatopsis benzoatilytica,Редкий
31958,Amycolatopsis orientalis,Редкий
187982,Amycolatopsis palatopharyngis,Инфекции неба и глотки
179995,Anaerobiospirillum thomasii,"Диарея, бактериемия"
13335,Anaerobiospirillum succiniciproducens,"Бактериемия, инфекции суставов. "
361500,Anaerococcus degeneri,"Смешанные анаэробные инфекции, абсцессы"
33029,Anaerococcus hydrogenalis,"Смешанные анаэробные инфекции, абсцессы"
33032,Anaerococcus lactolyticus,"Смешанные анаэробные инфекции, абсцессы"
411577,Anaerococcus murdochii,"Смешанные анаэробные инфекции, абсцессы"
1755241,Anaerococcus nagyae,"Смешанные анаэробные инфекции, абсцессы"
54007,Anaerococcus octavius,"Смешанные анаэробные инфекции, абсцессы"
33034,Anaerococcus prevotii,"Смешанные анаэробные инфекции, абсцессы"
33036,Anaerococcus tetradius,"Смешанные анаэробные инфекции, абсцессы"
33037,Anaerococcus vaginalis,"Смешанные анаэробные инфекции, абсцессы"
156456,Anaeroglobus geminatus,Постоперационные инфекции
118967,Anaerorhabdus furcosa,"Абсцессы легкого, абдоминальные абсцессы"
105841,Anaerostipes caccae,Флора кишечника
948,Anaplasma phagocytophilum,Анаплазмоз
949,Anaplasma platys,Анаплазмоз
265719,Aquimonas voraii,Редкий
1750,Arachnia propionica,"Абсцессы, эндокардиты, бактериемия, септические артриты, эндофтальмиты"
28264,Arcanobacterium haemolyticum,"Тонзилиты, целлюлиты, лимфаденопатия, абсцессы мозга, септицемия, остеомиелиты"
28197,Arcobacter butzleri,"Спазмы живота, диарея"
28198,Arcobacter cryaerophilus,"Спазмы живота, диарея"
28200,Arcobacter skirrowii,"Спазмы живота, диарея"
603050,Arcobacter mytili,"Спазмы живота, диарея"
98672,Arthrobacter luteolus,"Бактериемия, раневые инфекции"
156980,Arthrobacter woluwensis,"Эндокардиты, бактериемия"
29359,Asaccharospora irregularis,"Раневые инфекции, бактериемия, абсцессы"
91915,Asaia bogorensis,"Бактериемия, перитониты"
415421,Asaia lannensis,Бактериемия
1393034,Atopobium deltae,Бактериемия
1381,Atopobium minutum,"Инфекции уретрального тракта, абсцессы, раневые инфекции"
370622,Aureimonas altamirensis,"Бактериемия, перитониты"
678932,Auritidibacter ignavus,Инфекции уха
755,Avibacterium gallinarum,"Раневые инфекции, септицемия, абсцессы, пневмонии, эндокардиты, менингиты. Зооноз"
45677,Azohydromonas lata,"Пневмонии, отиты, инфекции уретрального тракта, остеомиелиты, бактериемия"
192,Azospirillum brasilense,Перитониты ассоциированные с перитонеальным диализом
1392,Bacillus anthracis,Сибирская язва
1396,Bacillus cereus,"Пищевые отравления, раневые инфекции, инфекции кожи, бактериемия, эндокардиты, глазные инфекции"
580165,Bacillus cytotoxicus,Пищевые отравления
324767,Bacillus infantis,"Сепсис новорожденных, миокардиты"
1402,Bacillus licheniformis,"Пищевые отравления, раневые инфекции, инфекции кожи, бактериемия, эндокардиты, глазные инфекции"
1405,Bacillus mycoides,"Пневмонии, септицемия, инфекции роговицы, менингиты, пищевые отравления, глазные инфекции, легочные инфекции"
1408,Bacillus pumilus,"Пищевые отравления, раневые инфекции, инфекции кожи, бактериемия, эндокардиты, глазные инфекции"
47886,Chryseomonas luteola,"Бактериемия, эндокардиты, перитониты ассоциированные с перитонеальным диализом"
35703,Citrobacter amalonaticus,"Инфекции уретрального тракта, менингиты, бактериемия, гемолитико - уремический синдромю Нозокомиальные вспышки"
57706,Citrobacter braakii,"Инфекции уретрального тракта, менингиты, бактериемия, гемолитико - уремический синдромю Нозокомиальные вспышки"
67824,Citrobacter farmeri,"Инфекции уретрального тракта, менингиты, бактериемия, гемолитико - уремический синдром"
546,Citrobacter freundii,"Инфекции уретрального тракта, менингиты, бактериемия, гемолитико - уремический синдром"
545,Citrobacter koseri,"Инфекции уретрального тракта, менингиты, бактериемия, гемолитико - уремический синдром"
67829,Citrobacter murliniae,"Инфекции уретрального тракта, менингиты, бактериемия, гемолитико - уремический синдром"
67825,Citrobacter rodentium,"Инфекции уретрального тракта, менингиты, бактериемия, гемолитико - уремический синдром"
67826,Citrobacter sedlakii,"Инфекции уретрального тракта, менингиты, бактериемия, гемолитико - уремический синдром"
67827,Citrobacter werkmanii,"Инфекции уретрального тракта, менингиты, бактериемия, гемолитико - уремический синдром"
133448,Citrobacter youngae,"Инфекции уретрального тракта, менингиты, бактериемия, гемолитико - уремический синдром"
67828,Citrobacter gillenii,"Инфекции уретрального тракта, менингиты, бактериемия, гемолитико - уремический синдром"
1496,Clostridioides difficile,"Диаррея, псевдомембранозный колит. Ассоциирован с воздействием антибиотиков"
29341,Clostridium argentinense,"Раневые инфекции, бактериемия, абсцессы"
1561,Clostridium baratii,"Раневые инфекции, бактериемия, абсцессы"
1520,Clostridium beijerinckii,"Раневые инфекции, бактериемия, абсцессы"
1491,Clostridium botulinum,Ботулизм
1492,Clostridium butyricum,"Раневые инфекции, бактериемия, абсцессы"
1529,Clostridium cadaveris,"Раневые инфекции, бактериемия, абсцессы"
1530,Clostridium carnis,"Раневые инфекции, бактериемия, абсцессы"
36834,Clostridium celatum,"Раневые инфекции, бактериемия, абсцессы"
46867,Clostridium chauvoei,"Раневые инфекции, бактериемия, абсцессы"
1494,Clostridium cochlearium,"Раневые инфекции, бактериемия, абсцессы"
39481,Clostridium combesii,"Раневые инфекции, абсцессы, септицемия, периодонтиты"
1533,Clostridium fallax,"Раневые инфекции, бактериемия, абсцессы, газовая гангрена"
84025,Clostridium haemolyticum,"Раневые инфекции, бактериемия, абсцессы"
349933,Clostridium hydrogeniformans,"Раневые инфекции, бактериемия, абсцессы"
1522,Clostridium innocuum,"Раневые инфекции, бактериемия, абсцессы"
36845,Clostridium intestinale,"Раневые инфекции, бактериемия, абсцессы"
1535,Clostridium leptum,"Раневые инфекции, бактериемия, абсцессы"
1539,Clostridium malenominatum,"Раневые инфекции, бактериемия, абсцессы"
137838,Clostridium neonatale,"Раневые инфекции, бактериемия, абсцессы"
1542,Clostridium novyi,"Раневые инфекции, бактериемия, абсцессы, газовая гангрена"
29363,Clostridium paraputrificum,"Раневые инфекции, бактериемия, абсцессы"
1502,Clostridium perfringens,"Пищевые отравления, некротизирующие энтероколиты, газовая гангрена"
1524,Clostridium piliforme,"Раневые инфекции, бактериемия, абсцессы"
29369,Clostridium sardiniense,"Раневые инфекции, бактериемия, абсцессы"
1504,Clostridium septicum,"Раневые инфекции, бактериемия, абсцессы, газовая гангрена"
1509,Clostridium sporogenes,"Раневые инфекции, бактериемия, абсцессы"
1550,Clostridium subterminale,"Раневые инфекции, бактериемия, абсцессы"
1512,Clostridium symbiosum,"Раневые инфекции, бактериемия, абсцессы"
1559,Clostridium tertium,"Раневые инфекции, бактериемия, абсцессы"
1513,Clostridium tetani,Столбняк
39489,Clostridium moniliforme,"Раневые инфекции, бактериемия, абсцессы"
83340,Clostridium nitritogenes,"Раневые инфекции, абсцессы, септицемия, периодонтиты"
99675,Clostridium putrefaciens,"Раневые инфекции, бактериемия, абсцессы"
178337,Cohnella hongkongensis,Бактериемия
74426,Collinsella aerofaciens,Флора кишечника
1870987,Collinsella vaginalis,Инфекции уретрального тракта
225992,Comamonas kerstersii,"Бактериемия, абдоминальные инфекции"
32013,Comamonas terrigena,"Бактериемия, инфекции уретрального тракта, эндокардиты, раневые инфекции, абдоминальные абсцессы, перитониты, менингиты. Инфекции у лиц с нейтропенией. Ассоциирован с укусами животных"
285,Comamonas testosteroni,"Бактериемия, инфекции уретрального тракта, эндокардиты, раневые инфекции, абдоминальные абсцессы, перитониты, менингиты"
100884,Coprobacillus cateniformis,Бактериемия
38284,Corynebacterium accolens,"Септицемия, перитониты, инфекции уретрального тракта, глазные инфекции, эндокардиты, остеомиелиты, септические артрииты, менингиты, абсцессы. Нозокмиальные вспышки. Может быть лабораторным контаминантом"
38286,Corynebacterium afermentans,"Септицемия, перитониты, инфекции уретрального тракта, глазные инфекции, эндокардиты, остеомиелиты, септические артрииты, менингиты, абсцессы. Нозокмиальные вспышки. Может быть лабораторным контаминантом"
43765,Corynebacterium amycolatum,"Септицемия, перитониты, инфекции уретрального тракта, глазные инфекции, эндокардиты, остеомиелиты, септические артрииты, менингиты, абсцессы. Нозокмиальные вспышки. Может быть лабораторным контаминантом"
163202,Corynebacterium appendicis,"Септицемия, перитониты, инфекции уретрального тракта, глазные инфекции, эндокардиты, остеомиелиты, септические артрииты, менингиты, абсцессы. Нозокмиальные вспышки. Может быть лабораторным контаминантом"
1190508,Corynebacterium aquatimens,"Септицемия, перитониты, инфекции уретрального тракта, глазные инфекции, эндокардиты, остеомиелиты, септические артрииты, менингиты, абсцессы. Нозокмиальные вспышки. Может быть лабораторным контаминантом"
42817,Corynebacterium argentoratense,"Септицемия, перитониты, инфекции уретрального тракта, глазные инфекции, эндокардиты, остеомиелиты, септические артрииты, менингиты, абсцессы. Нозокмиальные вспышки. Может быть лабораторным контаминантом"
191610,Corynebacterium atypicum,"Септицемия, перитониты, инфекции уретрального тракта, глазные инфекции, эндокардиты, остеомиелиты, септические артрииты, менингиты, абсцессы. Нозокмиальные вспышки. Может быть лабораторным контаминантом"
169292,Corynebacterium aurimucosum,"Септицемия, перитониты, инфекции уретрального тракта, глазные инфекции, эндокардиты, остеомиелиты, септические артрииты, менингиты, абсцессы. Нозокмиальные вспышки. Может быть лабораторным контаминантом"
44750,Corynebacterium auris,"Септицемия, перитониты, инфекции уретрального тракта, глазные инфекции, эндокардиты, остеомиелиты, септические артрииты, менингиты, абсцессы. Нозокмиальные вспышки. Может быть лабораторным контаминантом"
99807,Corynebacterium auriscanis,"Септицемия, перитониты, инфекции уретрального тракта, глазные инфекции, эндокардиты, остеомиелиты, септические артрииты, менингиты, абсцессы. Нозокмиальные вспышки. Может быть лабораторным контаминантом"
2014537,Corynebacterium belfantii,"Септицемия, перитониты, инфекции уретрального тракта, глазные инфекции, эндокардиты, остеомиелиты, септические артрииты, менингиты, абсцессы. Нозокмиальные вспышки. Может быть лабораторным контаминантом"
36808,Corynebacterium bovis,"Септицемия, перитониты, инфекции уретрального тракта, глазные инфекции, эндокардиты, остеомиелиты, септические артрииты, менингиты, абсцессы. Нозокмиальные вспышки. Может быть лабораторным контаминантом"
679663,Corynebacterium canis,"Раневые инфекции, инфекции ассоциированные с укусами"
71254,Corynebacterium confusum,"Септицемия, перитониты, инфекции уретрального тракта, глазные инфекции, эндокардиты, остеомиелиты, септические артрииты, менингиты, абсцессы. Нозокмиальные вспышки. Может быть лабораторным контаминантом"
53374,Corynebacterium coyleae,"Септицемия, перитониты, инфекции уретрального тракта, глазные инфекции, эндокардиты, остеомиелиты, септические артрииты, менингиты, абсцессы. Нозокмиальные вспышки. Может быть лабораторным контаминантом"
2014528,Corynebacterium dentalis,Периодонтиты
1717,Corynebacterium diphtheriae,"Дифтерия, инфекции кожи"
61592,Corynebacterium durum,"Септицемия, перитониты, инфекции уретрального тракта, глазные инфекции, эндокардиты, остеомиелиты, септические артрииты, менингиты, абсцессы. Нозокмиальные вспышки. Может быть лабораторным контаминантом"
108486,Corynebacterium falsenii,"Септицемия, перитониты, инфекции уретрального тракта, глазные инфекции, эндокардиты, остеомиелиты, септические артрииты, менингиты, абсцессы. Нозокмиальные вспышки. Может быть лабораторным контаминантом"
1852390,Corynebacterium fournieri,"Септицемия, перитониты, инфекции уретрального тракта, глазные инфекции, эндокардиты, остеомиелиты, септические артрииты, менингиты, абсцессы. Нозокмиальные вспышки. Может быть лабораторным контаминантом"
556548,Corynebacterium freiburgense,"Септицемия, перитониты, инфекции уретрального тракта, глазные инфекции, эндокардиты, остеомиелиты, септические артрииты, менингиты, абсцессы. Нозокмиальные вспышки. Может быть лабораторным контаминантом"
134034,Corynebacterium freneyi,"Септицемия, перитониты, инфекции уретрального тракта, глазные инфекции, эндокардиты, остеомиелиты, септические артрииты, менингиты, абсцессы. Нозокмиальные вспышки. Может быть лабораторным контаминантом"
39791,Corynebacterium glucuronolyticum,Нозокомиальные инфекции. Инфекции уретрального тракта. Может быть лабораторным контаминантом
2041036,Corynebacterium gottingense,Нозокомиальные инфекции. Может быть лабораторным контаминантом
394964,Corynebacterium hansenii,Редкий
156978,Corynebacterium imitans,Нозокомиальные инфекции. Может быть лабораторным контаминантом
38289,Corynebacterium jeikeium,Нозокомиальные инфекции. Может быть лабораторным контаминантом
161879,Corynebacterium kroppenstedtii,Нозокомиальные инфекции. Может быть лабораторным контаминантом
35755,Corynebacterium kutscheri,Нозокомиальные инфекции. Может быть лабораторным контаминантом
161889,Corynebacterium lipophiloflavum,Нозокомиальные инфекции. Может быть лабораторным контаминантом
2804918,Corynebacterium lipophilum,Нозокомиальные инфекции. Может быть лабораторным контаминантом
1544413,Corynebacterium lowii,Нозокомиальные инфекции. Может быть лабораторным контаминантом
38290,Corynebacterium macginleyi,Нозокомиальные инфекции. Может быть лабораторным контаминантом
441501,Corynebacterium massiliense,Нозокомиальные инфекции. Может быть лабораторным контаминантом
43768,Corynebacterium matruchotii,Нозокомиальные инфекции. Может быть лабораторным контаминантом
38301,Corynebacterium minutissimum,"Эритразма, бактериемия, эндокардиты"
57171,Corynebacterium mucifaciens,Нозокомиальные инфекции. Может быть лабораторным контаминантом
38302,Corynebacterium mycetoides,"Язва тропическая, септицемия"
1544416,Corynebacterium oculi,Глазные инфекции
1288393,Corynebacterium pilbarense,Редкий
35756,Corynebacterium pilosum,Нозокомиальные инфекции. Может быть лабораторным контаминантом
43769,Corynebacterium propinquum,Нозокомиальные инфекции. Может быть лабораторным контаминантом
37637,Corynebacterium pseudodiphtheriticum,"Инфекции уретрального тракта, эндокардиты, лимфаденопатия, некротизирующий трахеит"
1719,Corynebacterium pseudotuberculosis,"Лимфадениты, легочные инфекции. Зооноз (с/х животные)"
598660,Corynebacterium pyruviciproducens,Нозокомиальные инфекции. Может быть лабораторным контаминантом
1724,Corynebacterium renale,Нозокомиальные инфекции. Может быть лабораторным контаминантом
258224,Corynebacterium resistens,Нозокомиальные инфекции. Может быть лабораторным контаминантом
156976,Corynebacterium riegelii,Нозокомиальные инфекции. Может быть лабораторным контаминантом
2719119,Corynebacterium rouxii,Редкий
2594913,Corynebacterium sanguinis,Нозокомиальные инфекции. Может быть лабораторным контаминантом
146827,Corynebacterium simulans,Нозокомиальные инфекции. Может быть лабораторным контаминантом
161899,Corynebacterium singulare,Нозокомиальные инфекции. Может быть лабораторным контаминантом
489915,Corynebacterium sputi,Легочные инфекции
43770,Corynebacterium striatum,Нозокомиальные инфекции. Может быть лабораторным контаминантом
161902,Corynebacterium sundsvallense,Нозокомиальные инфекции. Может быть лабораторным контаминантом
62629,Corynebacterium thomssenii,Нозокомиальные инфекции. Может быть лабораторным контаминантом
441500,Corynebacterium timonense,Нозокомиальные инфекции. Может быть лабораторным контаминантом
38304,Corynebacterium tuberculostearicum,Нозокомиальные инфекции. Может быть лабораторным контаминантом
302449,Corynebacterium tuscaniense,Нозокомиальные инфекции. Может быть лабораторным контаминантом
65058,Corynebacterium ulcerans,"Дифтериеподобные заболевания, фарингиты"
43771,Corynebacterium urealyticum,Нозокомиальные инфекции. Может быть лабораторным контаминантом
401472,Corynebacterium ureicelerivorans,Бактериемия
38305,Corynebacterium vitaeruminis,Ассоциирован с аневризмой аорты
1725,Corynebacterium xerosis,Нозокомиальные инфекции. Может быть лабораторным контаминанто Нозокомиальные инфекции. Может быть лабораторным контаминантом
29321,Corynebacterium otitidis,"Отиты, абсцессы шеи"
777,Coxiella burnetii,Лихорадка Ку
413503,Cronobacter malonaticus,"Менингиты, энтероколиты, септицемия. Ассоциирован с пищей"
413502,Cronobacter turicensis,"Менингиты, энтероколиты, септицемия. Ассоциирован с пищей"
28141,Cronobacter sakazakii,"Менингиты, энтероколиты, септицемия. Ассоциирован с пищей"
1118202,Cruoricaptor ignavus,Септицемия
84163,Cryptobacterium curtum,Периодонтиты
82541,Cupriavidus gilardii,"Менингиты, легочные инфекции у лиц с муковисцидозом, сепсис"
119219,Cupriavidus metallidurans,"Менингиты, легочные инфекции у лиц с муковисцидозом, сепсис"
82633,Cupriavidus pauculus,"Менингиты, легочные инфекции у лиц с муковисцидозом, сепсис"
195930,Cupriavidus respiraculi,"Менингиты, легочные инфекции у лиц с муковисцидозом, сепсис"
164546,Cupriavidus taiwanensis,"Менингиты, легочные инфекции у лиц с муковисцидозом, сепсис"
2035,Curtobacterium flaccumfaciens,"Септические артриты, кератиты"
2559073,Cutibacterium modestum,Остеомиелиты
1747,Cutibacterium acnes,"Абсцессы, эндокардиты, бактериемия, септические артриты, эндофтальмиты"
33010,Cutibacterium avidum,"Абсцессы, эндокардиты, бактериемия, септические артриты, эндофтальмиты"
33011,Cutibacterium granulosum,"Абсцессы, эндокардиты, бактериемия, септические артриты, эндофтальмиты"
1574624,Cutibacterium namnetense,Остеомиелиты
80866,Delftia acidovorans,"Бактериемия, эндокардиты"
558537,Delftia lacustris,"Глазные инфекции, эндокардиты, кератиты, бактериемия"
180282,Delftia tsuruhatensis,"Бактериемия, пневмонии"
36740,Dermabacter hominis,"Абсцессы мозга, бактериемия, раневые инфекции"
1667168,Dermabacter jinjuensis,"Инфекции кожи, абсцессы, бактериемия"
322601,Dermacoccus barathri,"Бактериемия, КАИК"
1274,Dermacoccus nishinomiyaensis,"КАИК, абсцессы мозга"
1863,Dermatophilus congolensis,Инфекции кожи. Зооноз (с/х животные)
500615,Desmospora activa,Легочные инфекции
132132,Desulfomicrobium orale,Периодонтиты
876,Desulfovibrio desulfuricans,"Бактериемия, абсцессы печени"
44742,Desulfovibrio fairfieldensis,"Инфекции уретрального тракта, менингоэнцефалит"
571438,Desulfovibrio legallii,"Бактериемия, инфекции протезированных суставов"
901,Desulfovibrio piger,Абсцессы эпителиального копчикового хода. Флора кишечника
218538,Dialister invisus,"Периодонтиты, инфекции эндодонта, бактериемия"
309120,Dialister micraerophilus,"Периодонтиты, инфекции эндодонта, бактериемия"
39950,Dialister pneumosintes,"Периодонтиты, инфекции эндодонта, бактериемия"
308994,Dialister propionicifaciens,"Периодонтиты, инфекции эндодонта, бактериемия"
870,Dichelobacter nodosus,"Инфекции эпителиального копчикового хода, инфекции кишечной стомы, раневые инфекции"
983873,Dietzia aurantiaca,Редкий
37915,Dietzia maris,"Инфекции ассоциированные с протезами, бактериемия"
282305,Dietzia papillomatosis,"Бактериемия, инфекции кожи"
323415,Dokdonella koreensis,Бактериемия
84521,Dolosicoccus paucivorans,Бактериемия
29394,Dolosigranulum pigrum,"Инфекции спинного мозга, глазные инфекции"
231455,Dyella japonica,Бактериемия
45254,Dysgonomonas capnocytophagoides,"Диарея, бактериемия, абсцессы"
156974,Dysgonomonas gadei,"Диарея, бактериемия, абсцессы"
637886,Dysgonomonas hofstadii,"Диарея, бактериемия, абсцессы"
163665,Dysgonomonas mossii,"Диарея, бактериемия, абсцессы"
93378,Edwardsiella hoshinae,"Раневые инфекции, абсцессы, гастроэнтериты. Ассоциирован с водой и рыбой"
67780,Edwardsiella ictaluri,"Раневые инфекции, абсцессы, гастроэнтериты"
636,Edwardsiella tarda,"Раневые инфекции, абсцессы, гастроэнтериты"
1117041,Effusibacillus consociatus,Бактериемия
84112,Eggerthella lenta,"Абсцессы прямой кишки, бактериемия"
242230,Eggerthella sinensis,"Абсцессы прямой кишки, бактериемия"
31973,Eggerthia catenaformis,"Абсцессы, бактериемия, эндометриты, эндокардиты, легочные инфекции, инфекции уретрального тракта"
944,Ehrlichia canis,Эрлихиоз. Ассоциирован с укусами собак
945,Ehrlichia chaffeensis,Эрлихиоз
947,Ehrlichia ewingii,Эрлихиоз
35795,Ehrlichia muris,Эрлихиоз
951,Ehrlichia sennetsu,Лихорадка Сеннетсу
539,Eikenella corrodens,"HACEK. Септицемия, эндокардиты, абсцессы, септические артриты, инфекции ЦНС"
2528037,Eikenella exigua,"Абсцессы мозга, бактериемия, раневые инфекции"
1795832,Eikenella halliae,"Бактериемия, эмпиема"
1795827,Eikenella longinqua,Редкий
1432052,Eisenbergiella tayi,Бактериемия
1117645,Elizabethkingia anophelis,"Менингиты, сепсис"
1756149,Elizabethkingia bruuniana,"Бактериемия, пневмонии, инфекции уретрального тракта, сепсис"
238,Elizabethkingia meningoseptica,"Менингиты, бактериемия, эндокардиты, некротизирующий фасциит, пневмонии"
172045,Elizabethkingia miricola,"Бактериемия, абсцессы легкого, инфекции уретрального тракта"
247,Empedobacter brevis,"Эндофтальмиты, бактериемия, инфекции уретрального тракта"
343874,Empedobacter falsenii,"Бактериемия, раневые инфекции"
61645,Enterobacter asburiae,"ESKAPE. Бактериемия, инфекции респираторного тракта, инфекции уретрального тракта, сепсис. Нозокомиальные вспышки"
881260,Enterobacter bugandensis,"ESKAPE. Бактериемия, инфекции респираторного тракта, инфекции уретрального тракта, сепсис. Нозокомиальные вспышки"
69218,Enterobacter cancerogenus,"ESKAPE. Бактериемия, инфекции респираторного тракта, инфекции уретрального тракта, сепсис. Нозокомиальные вспышки"
550,Enterobacter cloacae,"ESKAPE. Бактериемия, инфекции респираторного тракта, инфекции уретрального тракта, сепсис. Нозокомиальные вспышки"
158836,Enterobacter hormaechei,"ESKAPE. Бактериемия, инфекции респираторного тракта, инфекции уретрального тракта, сепсис. Нозокомиальные вспышки"
2494702,Enterobacter huaxiensis,"ESKAPE. Бактериемия, инфекции респираторного тракта, инфекции уретрального тракта, сепсис. Нозокомиальные вспышки"
208224,Enterobacter kobei,"ESKAPE. Бактериемия, инфекции респираторного тракта, инфекции уретрального тракта, сепсис. Нозокомиальные вспышки"
299767,Enterobacter ludwigii,"ESKAPE. Бактериемия, инфекции респираторного тракта, инфекции уретрального тракта, сепсис. Нозокомиальные вспышки"
2529382,Enterobacter quasihormaechei,"ESKAPE. Бактериемия, инфекции респираторного тракта, инфекции уретрального тракта, сепсис. Нозокомиальные вспышки"
2529381,Enterobacter wuhouensis,"ESKAPE. Бактериемия, инфекции респираторного тракта, инфекции уретрального тракта, сепсис. Нозокомиальные вспышки"
358742,Enterocloster aldenensis,"Раневые инфекции, бактериемия, абсцессы"
208479,Enterocloster bolteae,"Раневые инфекции, бактериемия, абсцессы"
358743,Enterocloster citroniae,"Раневые инфекции, бактериемия, абсцессы"
1531,Enterocloster clostridioformis,"Раневые инфекции, бактериемия, абсцессы"
460384,Enterocloster lavalensis,"Раневые инфекции, бактериемия, абсцессы"
33945,Enterococcus avium,"Бактериемия, абсцессы, эндокардиты, менингиты, инфекции уретрального тракта, перитониты, остеомиелиты, раневые инфекции. Нозокомиальные вспышки"
44008,Enterococcus cecorum,"Бактериемия, абсцессы, эндокардиты, менингиты, инфекции уретрального тракта, перитониты, остеомиелиты, раневые инфекции. Нозокомиальные вспышки"
44009,Enterococcus dispar,"Бактериемия, абсцессы, эндокардиты, менингиты, инфекции уретрального тракта, перитониты, остеомиелиты, раневые инфекции. Нозокомиальные вспышки"
53345,Enterococcus durans,"Бактериемия, абсцессы, эндокардиты, менингиты, инфекции уретрального тракта, перитониты, остеомиелиты, раневые инфекции. Нозокомиальные вспышки"
1351,Enterococcus faecalis,"Бактериемия, абсцессы, эндокардиты, менингиты, инфекции уретрального тракта, перитониты, остеомиелиты, раневые инфекции. Нозокомиальные вспышки"
1352,Enterococcus faecium,"ESKAPE. Бактериемия, инфекции респираторного тракта, инфекции уретрального тракта, сепсис. Нозокомиальные вспышки"
1353,Enterococcus gallinarum,"Бактериемия, абсцессы, эндокардиты, менингиты, инфекции уретрального тракта, перитониты, остеомиелиты, раневые инфекции. Нозокомиальные вспышки"
160453,Enterococcus gilvus,"Бактериемия, абсцессы, эндокардиты, менингиты, инфекции уретрального тракта, перитониты, остеомиелиты, раневые инфекции. Нозокомиальные вспышки"
1354,Enterococcus hirae,"Бактериемия, абсцессы, эндокардиты, менингиты, инфекции уретрального тракта, перитониты, остеомиелиты, раневые инфекции. Нозокомиальные вспышки"
71451,Enterococcus malodoratus,"Бактериемия, абсцессы, эндокардиты, менингиты, инфекции уретрального тракта, перитониты, остеомиелиты, раневые инфекции. Нозокомиальные вспышки"
53346,Enterococcus mundtii,"Бактериемия, абсцессы, эндокардиты, менингиты, инфекции уретрального тракта, перитониты, остеомиелиты, раневые инфекции. Нозокомиальные вспышки"
160454,Enterococcus pallens,"Бактериемия, абсцессы, эндокардиты, менингиты, инфекции уретрального тракта, перитониты, остеомиелиты, раневые инфекции. Нозокомиальные вспышки"
44007,Enterococcus pseudoavium,"Бактериемия, абсцессы, эндокардиты, менингиты, инфекции уретрального тракта, перитониты, остеомиелиты, раневые инфекции. Нозокомиальные вспышки"
71452,Enterococcus raffinosus,"Бактериемия, абсцессы, эндокардиты, менингиты, инфекции уретрального тракта, перитониты, остеомиелиты, раневые инфекции. Нозокомиальные вспышки"
37734,Enterococcus casseliflavus,"Бактериемия, абсцессы, эндокардиты, менингиты, инфекции уретрального тракта, перитониты, остеомиелиты, раневые инфекции. Нозокомиальные вспышки"
55211,Erwinia persicina,Инфекции уретрального тракта
1648,Erysipelothrix rhusiopathiae,"Эризепелоид. Бактериемия, эндокардиты, остемиелиты. Зооноз "
208962,Escherichia albertii,Диарея
562,Escherichia coli,"Инфекции уретрального тракта, бактериемия, менингиты, энтериты"
564,Escherichia fergusonii,"Бактериемия, раневые инфекции, инфекции уретрального тракта"
565,Escherichia hermannii,Раневые инфекции
35517,Eubacterium brachy,"Раневые инфекции, абсцессы, септицемия, периодонтиты"
53442,Eubacterium callanderi,"Раневые инфекции, абсцессы, септицемия, периодонтиты"
56774,Eubacterium infirmum,"Раневые инфекции, абсцессы, септицемия, периодонтиты"
1736,Eubacterium limosum,"Раневые инфекции, абсцессы, септицемия, периодонтиты"
76124,Eubacterium minutum,"Раневые инфекции, абсцессы, септицемия, периодонтиты"
83339,Eubacterium multiforme,"Раневые инфекции, абсцессы, септицемия, периодонтиты"
35518,Eubacterium nodatum,"Раневые инфекции, абсцессы, септицемия, периодонтиты"
51123,Eubacterium saphenum,"Раневые инфекции, абсцессы, септицемия, периодонтиты"
143393,Eubacterium sulci,"Раневые инфекции, абсцессы, септицемия, периодонтиты"
1737,Paraclostridium tenue,"Раневые инфекции, абсцессы, септицемия, периодонтиты"
39494,Eubacterium tortuosum,"Раневые инфекции, абсцессы, септицемия, периодонтиты"
39496,Eubacterium ventriosum,"Раневые инфекции, абсцессы, септицемия, периодонтиты"
39498,Eubacterium yurii,"Раневые инфекции, абсцессы, септицемия, периодонтиты"
41202,Ewingella americana,"Септицемия, раневые инфекции, инфекции уретрального тракта"
41170,Exiguobacterium acetylicum,"Раневые инфекции, бактериемия "
33987,Exiguobacterium aurantiacum,"Раневые инфекции, бактериемия "
46507,Ezakiella coagulans,"Абсцессы, бактериемия, раневые инфекции, инфекции ассоциированные с укусами, хронический средний отит, воспаления органов таза, сепсис новорожденных"
178214,Facklamia hominis,"Инфекции уретрального тракта, бактериемия, абсцессы"
137730,Facklamia ignava,"Инфекции уретрального тракта, бактериемия, абсцессы"
82347,Facklamia languida,"Инфекции уретрального тракта, бактериемия, абсцессы"
87650,Facklamia sourekii,"Инфекции уретрального тракта, бактериемия, абсцессы"
39482,Faecalicatena contorta,"Раневые инфекции, абсцессы, септицемия, периодонтиты"
1544,Faecalicatena orotica,"Раневые инфекции, бактериемия, абсцессы"
39483,Faecalitalea cylindroides,"Раневые инфекции, бактериемия, абсцессы"
82135,Fannyhessea vaginae,Бактериальный вагиноз
236753,Fastidiosipila sanguinis,"Бактериемия, остеиты"
938288,Fenollaria massiliensis,Редкий
28122,Fibrobacter intestinalis,Редкий
143361,Filifactor alocis,"Гингивиты, периодонтиты"
29374,Filifactor villosus,"Гингивиты, периодонтиты"
1260,Finegoldia magna,"Септические артриты, раневые инфекции, нозокомиальные инфекции"
292800,Flavonifractor plautii,"Раневые инфекции, абсцессы, септицемия, периодонтиты"
622488,Francisella hispaniensis,Бактериемия. Ассоциирован с водоемами
2016517,Francisella opportunistica,Бактериемия
28110,Francisella philomiragia,Септицемия
263,Francisella tularensis,Туляремия
123824,Frederiksenia canicola,Инфекции ассоциированные с укусами. Ассоциирован с укусами собак
651822,Fretibacterium fastidiosum,Периодонтиты
849,Fusobacterium gonidiaformans,"Абсцессы, бактериемия, периодонтиты, эндокардиты, некробациллез"
850,Fusobacterium mortiferum,"Абсцессы, бактериемия, периодонтиты, эндокардиты, некробациллез"
77917,Fusobacterium naviforme,"Абсцессы, бактериемия, периодонтиты, эндокардиты, некробациллез"
858,Fusobacterium necrogenes,"Абсцессы, бактериемия, периодонтиты, эндокардиты, некробациллез"
859,Fusobacterium necrophorum,"Абсцессы, бактериемия, периодонтиты, эндокардиты, некробациллез"
851,Fusobacterium nucleatum,"Абсцессы, бактериемия, периодонтиты, эндокардиты, некробациллез"
860,Fusobacterium periodonticum,"Абсцессы, бактериемия, периодонтиты, эндокардиты, некробациллез"
854,Fusobacterium russii,"Абсцессы, бактериемия, периодонтиты, эндокардиты, некробациллез"
861,Fusobacterium ulcerans,"Абсцессы, бактериемия, периодонтиты, эндокардиты, некробациллез"
856,Fusobacterium varium,"Абсцессы, бактериемия, периодонтиты, эндокардиты, некробациллез"
750,Gallibacterium anatis,"Бактериемия, бронхопневмонии. Зооноз (птицы)"
2702,Gardnerella vaginalis,Внутриматочный и неонатальный сепсис
502393,Gemella asaccharolytica,Редкий
84136,Gemella bergeri,"Бактериемия, абсцессы, спонидлиты, эндокардиты"
1379,Gemella haemolysans,"Бактериемия, эндокардиты"
29391,Gemella morbillorum,"Бактериемия, эндокардиты"
1179782,Gemella parahaemolysans,Редкий
84135,Gemella sanguinis,"Бактериемия, эндокардиты"
1179787,Gemella taiwanensis,"Бактериемия, эндокардиты"
66228,Gleimia europaea,Актиномикоз
595468,Gleimia hominis,Актиномикоз
13076,Globicatella sanguinis,"Бактериемия, инфекции уретрального тракта, менингиты"
162496,Glutamicibacter creatinolyticus,"Инфекции уретрального тракта, бактериемия"
36820,Gordonia aichensis,"Легочные инфекции, холециститы, абсцессы груди, раневые инфекции, абсцессы мозга, бактериемия, отиты"
36821,Gordonia amarae,Редкий
263909,Gordonia araii,"Легочные инфекции, холециститы, абсцессы груди, раневые инфекции, абсцессы мозга, бактериемия, отиты"
2054,Gordonia bronchialis,"Легочные инфекции, холециститы, абсцессы груди, раневые инфекции, абсцессы мозга, бактериемия, отиты"
263908,Gordonia effusa,"Легочные инфекции, холециститы, абсцессы груди, раневые инфекции, абсцессы мозга, бактериемия, отиты"
1701090,Gordonia hongkongensis,Бактериемия
1004901,Gordonia iterans,"Бактериемия, пневмонии"
249058,Gordonia otitidis,"Легочные инфекции, холециститы, абсцессы груди, раневые инфекции, абсцессы мозга, бактериемия, отиты"
84595,Gordonia polyisoprenivorans,"Легочные инфекции, холециститы, абсцессы груди, раневые инфекции, абсцессы мозга, бактериемия, отиты"
36822,Gordonia rubripertincta,"Легочные инфекции, холециститы, абсцессы груди, раневые инфекции, абсцессы мозга, бактериемия, отиты"
36823,Gordonia sputi,"Легочные инфекции, холециститы, абсцессы груди, раневые инфекции, абсцессы мозга, бактериемия, отиты"
2055,Gordonia terrae,"Легочные инфекции, холециститы, абсцессы груди, раневые инфекции, абсцессы мозга, бактериемия, отиты"
471189,Gordonibacter pamelaeae,Бактериемия
364410,Granulibacter bethesdensis,"Хронический гранулематоз, лимфадениты, менингиты"
46124,Granulicatella adiacens,"Эндокардиты, септические артриты, инфекции эндодонта"
137732,Granulicatella elegans,"Эндокардиты, септические артриты, инфекции эндодонта"
673,Grimontia hollisae,Диарея. Ассоциирован с употреблением в пищу морепродуктов
195105,Haematobacter massiliensis,"Бактериемия, эндокардиты"
366616,Haematobacter missouriensis,"Бактериемия, эндокардиты"
479106,Haematomicrobium sanguinis,Бактериемия
1549855,Haematospirillum jordaniae,"Бактериемия, сепсис. Ассоциирован с водой"
197575,Haemophilus aegyptius,Бразильская пурпурная лихорадка
730,Haemophilus ducreyi,Мягкий шанкр
726,Haemophilus haemolyticus,"HACEK. Бактериемия, септические артриты, эндокардиты"
727,Haemophilus influenzae,"HACEK. Бактериемия, эндокардиты, менингиты, эпиглоттиты"
1461579,Haemophilus massiliensis,Редкий
735,Haemophilus parahaemolyticus,HACEK. Эндокардиты 
729,Haemophilus parainfluenzae,"HACEK. Синуситы, средний, отит, пневмонии, абсцессы, эндокардиты"
249188,Haemophilus pittmaniae,"Синуситы, средний, отит, пневмонии, абсцессы, эндокардиты"
1078480,Haemophilus sputorum,Эндокардиты
569,Hafnia alvei,Энтериты
546367,Hafnia paralvei,Энтериты
242750,Hallella bergensis,"Абсцессы, бактериемия, раневые инфекции, инфекции ассоциированные с укусами, инфекции уретрального тракта, периодонтиты, инфекции эндодонта"
1703337,Hallella colorans,"Абсцессы, бактериемия, раневые инфекции, инфекции ассоциированные с укусами, инфекции уретрального тракта, периодонтиты, инфекции эндодонта"
310514,Hallella multisaccharivorax,"Абсцессы, бактериемия, раневые инфекции, инфекции ассоциированные с укусами, инфекции уретрального тракта, периодонтиты, инфекции эндодонта"
502829,Halomonas hamiltonii,Лимфадениты
502821,Halomonas stevensii,Лимфадениты
44935,Halomonas venusta,Редкий. Ассоциирован с рыбой
86175,Halopseudomonas pertucinogena,"Бактериемия, инфекции уретрального тракта, раневые инфекции, абсцессы, септические артриты, конъюнктивиты, эндокардиты, менингиты, отиты. Нозокомиальные инфекции у ослабленных лиц"
1498,Hathewaya histolytica,"Раневые инфекции, бактериемия, абсцессы, газовая гангрена"
1536,Hathewaya limosa,"Раневые инфекции, бактериемия, абсцессы"
1179467,Hazenella coriacea,Бактериемия
521392,Helcobacillus massiliensis,Редкий
40091,Helcococcus kunzii,"Инфекции сальных желез, абсцессы груди, раневые инфекции. Флора кожи"
241555,Helcococcus sueciensis,"Инфекции сальных желез, абсцессы груди, раневые инфекции. Флора кожи"
267400,Helcococcus pyogenes,"Инфекции сальных желез, абсцессы груди, раневые инфекции. Флора кожи"
37372,Helicobacter bilis ,"Бактериемия, холециститы. Зооноз (грызуны)"
56877,Helicobacter bizzozeronii,Гастриты. Зооноз (домашние и с/х животные)
123841,Helicobacter canadensis,"Гастроэнтериты. Зооноз (млекопитающие, птицы)"
29419,Helicobacter canis,Гастроэнтерит. Зооноз (собаки)
213,Helicobacter cinaedi,"Проктиты, септицемия. Зооноз (грызуны). Бактериемия у ВИЧ+ лиц"
214,Helicobacter felis,Гастриты. Зооноз (домашние и с/х животные)
215,Helicobacter fennelliae,"Проктиты, септицемия. Зооноз (грызуны)"
35817,Helicobacter heilmannii,Гастриты. Зооноз (домашние и с/х животные)
32025,Helicobacter hepaticus,Редкий
35818,Helicobacter pullorum,"Гастроэнтериты. Зооноз (млекопитающие, птицы)"
210,Helicobacter pylori,Гастриты
56878,Helicobacter salomonis,Гастриты. Зооноз (домашние и с/х животные)
104628,Helicobacter suis,Гастриты. Зооноз (домашние и с/х животные)
157268,Helicobacter winghamensis,Гастроэнтериты
95150,Helicobacter rappini,"Бактериемия, диарея"
863372,Herbaspirillum huttiense,Бактериемия
964,Herbaspirillum seropedicae,Бактериемия
568783,Herbaspirillum aquaticum,"Бактериемия, пневмонии"
1398,Heyndrickxia coagulans,"Пневмонии, септицемия, инфекции роговицы, менингиты, пищевые отравления, глазные инфекции, легочные инфекции"
61171,Holdemania filiformis,Флора кишечника
28127,Hoylesella buccalis,"Абсцессы, бактериемия, раневые инфекции, инфекции ассоциированные с укусами, инфекции уретрального тракта, периодонтиты, инфекции эндодонта"
76123,Hoylesella enoeca,"Абсцессы, бактериемия, раневые инфекции, инфекции ассоциированные с укусами, инфекции уретрального тракта, периодонтиты, инфекции эндодонта"
840,Hoylesella loescheii,"Абсцессы, бактериемия, раневые инфекции, инфекции ассоциированные с укусами, инфекции уретрального тракта, периодонтиты, инфекции эндодонта"
189722,Hoylesella marshii,"Абсцессы, бактериемия, раневые инфекции, инфекции ассоциированные с укусами, инфекции уретрального тракта, периодонтиты, инфекции эндодонта"
425941,Hoylesella nanceiensis,"Абсцессы, бактериемия, раневые инфекции, инфекции ассоциированные с укусами, инфекции уретрального тракта, периодонтиты, инфекции эндодонта"
28134,Hoylesella oralis,"Абсцессы, бактериемия, раневые инфекции, инфекции ассоциированные с укусами, инфекции уретрального тракта, периодонтиты, инфекции эндодонта"
407975,Hoylesella pleuritidis,"Абсцессы, бактериемия, раневые инфекции, инфекции ассоциированные с укусами, инфекции уретрального тракта, периодонтиты, инфекции эндодонта"
386414,Hoylesella timonensis,"Абсцессы, бактериемия, раневые инфекции, инфекции ассоциированные с укусами, инфекции уретрального тракта, периодонтиты, инфекции эндодонта"
1096246,Hungatella effluvii,Бактериемия
154046,Hungatella hathewayi,Бактериемия
472583,Ignatzschineria indica,Бактериемия
112009,Ignatzschineria larvae,Бактериемия
89093,Ignavigranum ruoffiae,"Раневые инфекции, инфекции уха"
171674,Inquilinus limosus,Муковисцидоз
262209,Janibacter melonis,Бактериемия
428712,Jonquetella anthropi,"Инфекции эндодонта, абсцессы"
206506,Kerstersia gyiorum,Раневые инфекции
206505,Kerstersia similis,Раневые инфекции
502,Kingella denitrificans,"HACEK. Септические артриты, эндокардиты, инфекции ассоциированные с укусами"
504,Kingella kingae,"HACEK. Септические артриты, эндокардиты, инфекции ассоциированные с укусами"
505,Kingella oralis,"Септическе артриты, эндокардиты, инфекции ассоциированные с укусами"
265175,Kingella potus,"Септическе артриты, эндокардиты, инфекции ассоциированные с укусами"
548,Klebsiella aerogenes,"Бактериемия, инфекции респираторного тракта, инфекции уретрального тракта, раневые инфекции. Нозокомиальные вспышки"
39824,Klebsiella granulomatis,Донованоз (паховая гранулема)
2058152,Klebsiella grimontii,"Инфекции уретрального тракта, бактериемия, раневые инфекции, инфекции респираторного тракта. Нозокомиальные вспышки"
54291,Klebsiella ornithinolytica,"Бактериемия, инфекции уретрального тракта, сепсис, панкреатиты, раневые инфекции, инфекции респираторного тракта. Нозокомиальные вспышки"
571,Klebsiella oxytoca,"Инфекции уретрального тракта, бактериемия, раневые инфекции, инфекции респираторного тракта. Нозокомиальные вспышки"
2587529,Klebsiella pasteurii,"Инфекции уретрального тракта, бактериемия, раневые инфекции, инфекции респираторного тракта. Нозокомиальные вспышки"
573,Klebsiella pneumoniae,"ESKAPE. Инфекции уретрального тракта, бактериемия, раневые инфекции, инфекции респираторного тракта, сепсис. Нозокомиальные вспышки"
1463165,Klebsiella quasipneumoniae,"Инфекции уретрального тракта, бактериемия, раневые инфекции, инфекции респираторного тракта. Нозокомиальные вспышки"
244366,Klebsiella variicola,"Инфекции уретрального тракта, раневые инфекции, инфекции респираторного тракта"
575,Klebsiella planticola,"Бактериемия, инфекции уретрального тракта, сепсис, панкреатиты"
39831,Klebsiella pneumoniae subsp. rhinoscleromatis,Риносклерома
577,Klebsiella terrigena,"Бактериемия, инфекции уретрального тракта, сепсис, панкреатиты"
51288,Kluyvera ascorbata,"Бактериемия, инфекции уретрального тракта, медиастениты, сепсис"
580,Kluyvera cryocrescens,"Бактериемия, инфекции уретрального тракта, медиастениты, сепсис"
73098,Kluyvera georgiana,"Бактериемия, инфекции уретрального тракта, медиастениты, сепсис"
61648,Kluyvera intermedia,"Бактериемия, инфекции уретрального тракта, медиастениты, сепсис"
223184,Kocuria marina,"Бактериемия, перитониты"
72000,Kocuria rhizophila,Бактериемия
1275,Kocuria rosea,"Холециститы, сепсис"
664639,Kocuria salsicia,Редкий
1272,Kocuria varians,"Холециститы, сепсис"
208223,Kosakonia cowanii,Холециститы
2529380,Kosakonia quasisacchari,Раневые инфекции
33946,Kurthia gibsonii,"Бактериемия, эндокардиты"
1141647,Nocardia arizonensis,"Нокардиоз (включая бактериемию, легочные инфекции и инфекции мягких тканей)"
228602,Nocardia arthritidis,"Нокардиоз (включая бактериемию, легочные инфекции и инфекции мягких тканей)"
209252,Nocardia asiatica,"Нокардиоз (включая бактериемию, легочные инфекции и инфекции мягких тканей)"
1824,Nocardia asteroides,"Нокардиоз (включая бактериемию, легочные инфекции и инфекции мягких тканей)"
95162,Nocardia beijingensis,"Нокардиоз (включая бактериемию, легочные инфекции и инфекции мягких тканей)"
37326,Nocardia brasiliensis,"Нокардиоз (включая бактериемию, легочные инфекции и инфекции мягких тканей)"
37327,Nocardia brevicatena,"Нокардиоз (включая бактериемию, легочные инфекции и инфекции мягких тканей)"
37328,Nocardia carnea,"Нокардиоз (включая бактериемию, легочные инфекции и инфекции мягких тканей)"
257281,Nocardia concava,"Нокардиоз (включая бактериемию, легочные инфекции и инфекции мягких тканей)"
135487,Nocardia cyriacigeorgica,"Нокардиоз (включая бактериемию, легочные инфекции и инфекции мягких тканей)"
300029,Nocardia elegans,"Нокардиоз (включая бактериемию, легочные инфекции и инфекции мягких тканей)"
290231,Nocardia exalbida,"Нокардиоз (включая бактериемию, легочные инфекции и инфекции мягких тканей)"
37329,Nocardia farcinica,"Нокардиоз (включая бактериемию, легочные инфекции и инфекции мягких тканей)"
2749991,Nocardia gipuzkoensis,"Нокардиоз (включая бактериемию, легочные инфекции и инфекции мягких тканей)"
358707,Nocardia harenae,"Нокардиоз (включая бактериемию, легочные инфекции и инфекции мягких тканей)"
228599,Nocardia higoensis,"Нокардиоз (включая бактериемию, легочные инфекции и инфекции мягких тканей)"
145285,Nocardia ignorata,"Нокардиоз (включая бактериемию, легочные инфекции и инфекции мягких тканей)"
209246,Nocardia inohanensis,"Нокардиоз (включая бактериемию, легочные инфекции и инфекции мягких тканей)"
341199,Nocardia kroppenstedtii,"Нокардиоз (включая бактериемию, легочные инфекции и инфекции мягких тканей)"
261477,Nocardia kruczakiae,"Нокардиоз (включая бактериемию, легочные инфекции и инфекции мягких тканей)"
279262,Nocardia mexicana,"Нокардиоз (включая бактериемию, легочные инфекции и инфекции мягких тканей)"
508464,Nocardia mikamii,"Нокардиоз (включая бактериемию, легочные инфекции и инфекции мягких тканей)"
236511,Nocardia neocaledoniensis,"Нокардиоз (включая бактериемию, легочные инфекции и инфекции мягких тканей)"
209249,Nocardia niigatensis,"Нокардиоз (включая бактериемию, легочные инфекции и инфекции мягких тканей)"
356145,Nocardia ninae,"Нокардиоз (включая бактериемию, легочные инфекции и инфекции мягких тканей)"
626084,Nocardia niwae,"Нокардиоз (включая бактериемию, легочные инфекции и инфекции мягких тканей)"
37330,Nocardia nova,"Нокардиоз (включая бактериемию, легочные инфекции и инфекции мягких тканей)"
1823,Nocardia otitidiscaviarum,"Нокардиоз (включая бактериемию, легочные инфекции и инфекции мягких тканей)"
114259,Nocardia paucivorans,"Нокардиоз (включая бактериемию, легочные инфекции и инфекции мягких тканей)"
228601,Nocardia pneumoniae,"Нокардиоз (включая бактериемию, легочные инфекции и инфекции мягких тканей)"
45979,Nocardia pseudobrasiliensis,"Нокардиоз (включая бактериемию, легочные инфекции и инфекции мягких тканей)"
208602,Nocardia puris,"Нокардиоз (включая бактериемию, легочные инфекции и инфекции мягких тканей)"
1769161,Nocardia shinanonensis,"Нокардиоз (включая бактериемию, легочные инфекции и инфекции мягких тканей)"
248552,Nocardia sienata,"Нокардиоз (включая бактериемию, легочные инфекции и инфекции мягких тканей)"
259390,Nocardia takedensis,"Нокардиоз (включая бактериемию, легочные инфекции и инфекции мягких тканей)"
455432,Nocardia terpenica,"Нокардиоз (включая бактериемию, легочные инфекции и инфекции мягких тканей)"
1701089,Pseudonocardia thailandensis,"Нокардиоз (включая бактериемию, легочные инфекции и инфекции мягких тканей)"
257275,Nocardia thailandica,"Нокардиоз (включая бактериемию, легочные инфекции и инфекции мягких тканей)"
37333,Nocardia transvalensis,"Нокардиоз (включая бактериемию, легочные инфекции и инфекции мягких тканей)"
257274,Nocardia vermiculata,"Нокардиоз (включая бактериемию, легочные инфекции и инфекции мягких тканей)"
132249,Nocardia veterana,"Нокардиоз (включая бактериемию, легочные инфекции и инфекции мягких тканей)"
96468,Nocardia vinacea,"Нокардиоз (включая бактериемию, легочные инфекции и инфекции мягких тканей)"
1141657,Nocardia vulneris,"Нокардиоз (включая бактериемию, легочные инфекции и инфекции мягких тканей)"
480035,Nocardia wallacei,"Нокардиоз (включая бактериемию, легочные инфекции и инфекции мягких тканей)"
209247,Nocardia yamanashiensis,"Нокардиоз (включая бактериемию, легочные инфекции и инфекции мягких тканей)"
248551,Nocardia testacea,"Нокардиоз (включая бактериемию, легочные инфекции и инфекции мягких тканей)"
61305,Nocardiopsis synnemataformans,"Мицетома, инфекции кожи, легочные инфекции, конъюнктивиты"
2014,Nocardiopsis dassonvillei,"Мицетома, инфекции кожи, легочные инфекции, конъюнктивиты"
1095769,Noviherbaspirillum massiliense,Флора кишечника
28118,Odoribacter splanchnicus,"Абсцессы, бактериемия, раневые инфекции, инфекции ассоциированные с укусами, хронический средний отит, воспаления органов таза, сепсис новорожденных"
1713,Oerskovia turbata,"Бактериемия, эндокардиты. Эндокардиты, эндофтальмиты, перитонеальные инфекции"
90244,Oligella ureolytica,"Инфекции уретрального тракта, септицемия. Ассоциирован с мочевым катетером"
90245,Oligella urethralis,"Инфекции уретрального тракта, септицемия. Ассоциирован с мочевым катетером"
133926,Olsenella uli,Инфекции эндодонта
1501332,Oribacterium asaccharolyticum,Флора кишечника
1501329,Oribacterium parvum,Флора рта
237576,Oribacterium sinus,Флора рта
784,Orientia tsutsugamushi,Японская речная лихорадка
1263547,Oscillibacter ruminantium,Бактериемия
643674,Paenalcaligenes hominis,Бактериемия
44250,Paenibacillus alvei,"Септицемия, менингиты, пневмонии"
1451,Paenibacillus amylolyticus,Остеомиелиты
311244,Paenibacillus assamensis,Редкий
237530,Paenibacillus cineris,"Септицемия, менингиты, пневмонии"
59843,Paenibacillus glucanolyticus,"Септицемия, менингиты, пневмонии"
479474,Paenibacillus konsidensis,"Септицемия, менингиты, пневмонии"
44252,Paenibacillus macerans,"Септицемия, менингиты, пневмонии"
225917,Paenibacillus massiliensis,"Септицемия, менингиты, пневмонии"
1406,Paenibacillus polymyxa,"Септицемия, менингиты, пневмонии"
78057,Paenibacillus popilliae,"Септицемия, менингиты, пневмонии"
441151,Paenibacillus provencensis,"Септицемия, менингиты, пневмонии"
629724,Paenibacillus residui,"Септицемия, менингиты, пневмонии"
225906,Paenibacillus sanguinis,"Септицемия, менингиты, пневмонии"
646095,Paenibacillus sputi,"Септицемия, менингиты, пневмонии"
49283,Paenibacillus thiaminolyticus,"Септицемия, менингиты, пневмонии"
225915,Paenibacillus timonensis,"Септицемия, менингиты, пневмонии"
160487,Paenibacillus turicensis,"Септицемия, менингиты, пневмонии"
1133364,Paenibacillus vulneris,"Септицемия, менингиты, пневмонии"
29358,Paeniclostridium ghonii,"Раневые инфекции, бактериемия, абсцессы"
1505,Paeniclostridium sordellii,"Токсический шок, пневмонии"
93218,Pandoraea apista,"Бактериемия, муковисцидоз"
1891094,Pandoraea fibrosis,Легочные инфекции
93220,Pandoraea pnomenusa,"легочные инфекции, сепсис"
93221,Pandoraea pulmonicola,Легочные инфекции
93222,Pandoraea sputorum,"легочные инфекции, сепсис"
121719,Pannonibacter phragmitetus,"Бактериемия, КАИК"
549,Pantoea agglomerans,"Бактериемия, эндокардиты, раневые инфекции, инфекции ассоциированные с укусами, эндофтальмиты, целлюлиты"
553,Pantoea ananatis,"Бактериемия, эндокардиты, раневые инфекции, инфекции ассоциированные с укусами, эндофтальмиты, целлюлиты"
472694,Pantoea brenneri,"Бактериемия, эндокардиты, раневые инфекции, инфекции ассоциированные с укусами, эндофтальмиты, целлюлиты"
472705,Pantoea conspicua,"Бактериемия, эндокардиты, раневые инфекции, инфекции ассоциированные с укусами, эндофтальмиты, целлюлиты"
59814,Pantoea dispersa,"Бактериемия, эндокардиты, раневые инфекции, инфекции ассоциированные с укусами, эндофтальмиты, целлюлиты"
472693,Pantoea eucrina,"Бактериемия, эндокардиты, раневые инфекции, инфекции ассоциированные с укусами, эндофтальмиты, целлюлиты"
472695,Pantoea septica,"Бактериемия, эндокардиты, раневые инфекции, инфекции ассоциированные с укусами, эндофтальмиты, целлюлиты"
2685834,Parabacteroides chongii,Абсцессы
823,Parabacteroides distasonis,Абсцессы
328812,Parabacteroides goldsteinii,Абсцессы
574930,Parabacteroides gordonii,Абсцессы
46503,Parabacteroides merdae,Абсцессы
134537,Paraburkholderia fungorum,"Септические артриты, бактериемия, менингиты"
83552,Parachlamydia acanthamoebae,Инфекции респираторного тракта
2662455,Paraclostridium dentum,Зубной камень
1490,Paraclostridium bifermentans,"Абсцессы мозга, лимфадениты, некротизирующий эндометрит, инфекции протезированных суставов, эндокардиты, эмпиема"
1545044,Paracoccus sanguinis,Бактериемия
147645,Paracoccus yeei,Бактериемия
230658,Paraeggerthella hongkongensis,"Абсцессы прямой кишки, бактериемия"
2100819,Parapseudoflavitalea muciniphila,Редкий
78258,Parascardovia denticolens,Зубной кариес
821,Phocaeicola vulgatus,"Абсцессы, бактериемия, раневые инфекции, инфекции ассоциированные с укусами, хронический средний отит, воспаления органов таза, сепсис новорожденных"
38293,Photobacterium damselae,"Раневые инфекции, бактериемия. Ассоциирован с рыбой"
29488,Photorhabdus luminescens,"Бактериемия, раневые инфекции"
291112,Photorhabdus asymbiotica,"Бактериемия, инфекции мягких тканей"
703,Plesiomonas shigelloides,"Гастроэнтериты, септицемия, менингиты, эндофтальмиты. Ассоциирован с водой и пищей"
61647,Pluralibacter gergoviae,"Бактериемия, инфекции респираторного тракта, инфекции уретрального трактаю Нозокомиальные вспышки"
1908342,Pontibacter altruii,Бактериемия
28123,Porphyromonas asaccharolytica,"Смешанные анаэробные инфекции, периодонтиты, инфекции ассоциированные с укусами. Флора рта человека и животных"
501496,Porphyromonas bennonis,"Смешанные анаэробные инфекции, периодонтиты, инфекции ассоциированные с укусами. Флора рта человека и животных"
36874,Porphyromonas cangingivalis,"Смешанные анаэробные инфекции, периодонтиты, инфекции ассоциированные с укусами. Флора рта человека и животных"
36875,Porphyromonas canoris,"Смешанные анаэробные инфекции, периодонтиты, инфекции ассоциированные с укусами. Флора рта человека и животных"
41976,Porphyromonas catoniae,"Смешанные анаэробные инфекции, периодонтиты, инфекции ассоциированные с укусами. Флора рта человека и животных"
29524,Porphyromonas circumdentaria,"Смешанные анаэробные инфекции, периодонтиты, инфекции ассоциированные с укусами. Флора рта человека и животных"
393921,Porphyromonas crevioricanis,"Смешанные анаэробные инфекции, периодонтиты, инфекции ассоциированные с укусами. Флора рта человека и животных"
28124,Porphyromonas endodontalis,"Смешанные анаэробные инфекции, периодонтиты, инфекции ассоциированные с укусами. Флора рта человека и животных"
837,Porphyromonas gingivalis,"Смешанные анаэробные инфекции, периодонтиты, инфекции ассоциированные с укусами. Флора рта человека и животных"
28114,Porphyromonas levii,"Смешанные анаэробные инфекции, периодонтиты, инфекции ассоциированные с укусами. Флора рта человека и животных"
28115,Porphyromonas macacae,"Смешанные анаэробные инфекции, периодонтиты, инфекции ассоциированные с укусами. Флора рта человека и животных"
322095,Porphyromonas somerae,"Смешанные анаэробные инфекции, периодонтиты, инфекции ассоциированные с укусами. Флора рта человека и животных"
281920,Porphyromonas uenonis,"Смешанные анаэробные инфекции, периодонтиты, инфекции ассоциированные с укусами. Флора рта человека и животных"
419005,Prevotella amnii,Редкий. Выделен из амниотической жидкости
596085,Prevotella aurantiaca,Флора рта
33012,Propionimicrobium lymphophilum,Инфекции уретрального тракта. Ассоциация с лимфомой Ходжкина
2050967,Proteus faecis,"Инфекции уретрального тракта, бактериемия, раневые инфекции, абсцессы"
584,Proteus mirabilis,"Инфекции уретрального тракта, бактериемия, раневые инфекции, абсцессы"
102862,Proteus penneri,"Инфекции уретрального тракта, бактериемия, раневые инфекции, абсцессы"
585,Proteus vulgaris,"Инфекции уретрального тракта, бактериемия, раневые инфекции, абсцессы"
126385,Providencia alcalifaciens,"Инфекции уретрального тракта, раневые инфекции, бактериемия"
333962,Providencia heimbachae,"Инфекции уретрального тракта, раневые инфекции, бактериемия"
587,Providencia rettgeri,"Инфекции уретрального тракта, раневые инфекции, бактериемия"
158850,Providencia rustigianii,"Инфекции уретрального тракта, раневые инфекции, бактериемия"
588,Providencia stuartii,"Инфекции уретрального тракта, раневые инфекции, бактериемия"
1671,Pseudarthrobacter oxydans,Бактериемия
158897,Pseudarthrobacter scleromae,Дерматозы
566,Pseudescherichia vulneris,Сепсис  
106588,Pseudoflavonifractor capillosus,"Абсцессы, бактериемия, раневые инфекции, инфекции ассоциированные с укусами, хронический средний отит, воспаления органов таза, сепсис новорожденных"
98671,Pseudoglutamicibacter albus,"Инфекции уретрального тракта, бактериемия, инфекции кожи"
156979,Pseudoglutamicibacter cumminsii,"Отиты, инфекции уретрального тракта, бактериемия"
157692,Pseudoleptotrichia goodfellowii,Редкий
287,Pseudomonas aeruginosa,"ESKAPE. Бактериемия, инфекции уретрального тракта, раневые инфекции, абсцессы, септические артриты, конъюнктивиты, эндокардиты, менингиты, отиты, сепсис. Нозокомиальные инфекции у ослабленных лиц"
43263,Pseudomonas alcaligenes,"Бактериемия, инфекции уретрального тракта, раневые инфекции, абсцессы, септические артриты, конъюнктивиты, эндокардиты, менингиты, отиты. Нозокомиальные инфекции у ослабленных лиц"
147728,Pseudomonas andersonii,"Бактериемия, инфекции уретрального тракта, раневые инфекции, абсцессы, септические артриты, конъюнктивиты, эндокардиты, менингиты, отиты. Нозокомиальные инфекции у ослабленных лиц"
2219225,Pseudomonas asiatica,"Бактериемия, инфекции уретрального тракта, раневые инфекции, абсцессы, септические артриты, конъюнктивиты, эндокардиты, менингиты, отиты. Нозокомиальные инфекции у ослабленных лиц"
587753,Pseudomonas chlororaphis,"Бактериемия, инфекции уретрального тракта, раневые инфекции, абсцессы, септические артриты, конъюнктивиты, эндокардиты, менингиты, отиты. Нозокомиальные инфекции у ослабленных лиц"
294,Pseudomonas fluorescens,"Бактериемия, инфекции уретрального тракта, раневые инфекции, абсцессы, септические артриты, конъюнктивиты, эндокардиты, менингиты, отиты. Нозокомиальные инфекции у ослабленных лиц"
47880,Pseudomonas fulva,"Бактериемия, инфекции уретрального тракта, раневые инфекции, абсцессы, септические артриты, конъюнктивиты, эндокардиты, менингиты, отиты. Нозокомиальные инфекции у ослабленных лиц"
256466,Pseudomonas japonica,"Бактериемия, инфекции уретрального тракта, раневые инфекции, абсцессы, септические артриты, конъюнктивиты, эндокардиты, менингиты, отиты. Нозокомиальные инфекции у ослабленных лиц"
2666183,Pseudomonas juntendi,"Бактериемия, инфекции уретрального тракта, раневые инфекции, абсцессы, септические артриты, конъюнктивиты, эндокардиты, менингиты, отиты. Нозокомиальные инфекции у ослабленных лиц"
300,Pseudomonas mendocina,"Бактериемия, инфекции уретрального тракта, раневые инфекции, абсцессы, септические артриты, конъюнктивиты, эндокардиты, менингиты, отиты. Нозокомиальные инфекции у ослабленных лиц"
76759,Pseudomonas monteilii,"Бактериемия, инфекции уретрального тракта, раневые инфекции, абсцессы, септические артриты, конъюнктивиты, эндокардиты, менингиты, отиты. Нозокомиальные инфекции у ослабленных лиц"
180588,Psychrobacter faecalis,"Менингиты, бактериемия, глазные инфекции"
498,Psychrobacter immobilis,"Менингиты, бактериемия, глазные инфекции"
29432,Psychrobacter phenylpyruvicus,"Менингиты, бактериемия, глазные инфекции"
861445,Psychrobacter sanguinis,"Менингиты, бактериемия, глазные инфекции"
638849,Pyramidobacter piscolens,Инфекции периодонта
34038,Rahnella aquatilis,"Инфекции уретрального тракта, септицемия. У ослабленных пациентов"
190721,Ralstonia insidiosa,"Менингиты, перитониты, бактериемия, инфекции уретрального тракта, легочные инфекции"
105219,Ralstonia mannitolilytica,"Менингиты, перитониты, бактериемия, инфекции уретрального тракта, легочные инфекции"
1829,Rhodococcus rhodochrous,Редкий
45262,Rickettsia aeschlimannii,Риккетсиозы группы пятнистых лихорадок. Клещевые инфекции
35788,Rickettsia africae,Риккетсиозы группы пятнистых лихорадок. Клещевые инфекции
786,Rickettsia akari,Риккетсиозы группы пятнистых лихорадок. Клещевые инфекции
787,Rickettsia australis,Риккетсиозы группы пятнистых лихорадок. Клещевые инфекции
781,Rickettsia conorii,Риккетсиозы группы пятнистых лихорадок. Клещевые инфекции
42862,Rickettsia felis,Риккетсиозы группы пятнистых лихорадок. Клещевые инфекции
35789,Rickettsia helvetica,Риккетсиозы группы пятнистых лихорадок. Клещевые инфекции
37816,Rickettsia honei,Риккетсиозы группы пятнистых лихорадок. Клещевые инфекции
35790,Rickettsia japonica,Риккетсиозы группы пятнистых лихорадок. Клещевые инфекции
35791,Rickettsia massiliae,Риккетсиозы группы пятнистых лихорадок. Клещевые инфекции
109232,Rickettsia monacensis,Риккетсиозы группы пятнистых лихорадок. Клещевые инфекции
45261,Rickettsia mongolotimonae,Риккетсиозы группы пятнистых лихорадок. Клещевые инфекции
35792,Rickettsia parkeri,Риккетсиозы группы пятнистых лихорадок. Клещевые инфекции
782,Rickettsia prowazekii,Риккетсиозы группы пятнистых лихорадок. Клещевые инфекции
783,Rickettsia rickettsii,Риккетсиозы группы пятнистых лихорадок. Клещевые инфекции
35793,Rickettsia sibirica,Риккетсиозы группы пятнистых лихорадок. Клещевые инфекции
35794,Rickettsia slovaca,Риккетсиозы группы пятнистых лихорадок. Клещевые инфекции
334545,Rickettsia tamurae,Риккетсиозы группы пятнистых лихорадок. Клещевые инфекции
785,Rickettsia typhi,Риккетсиозы группы пятнистых лихорадок. Клещевые инфекции
676517,Rickettsiella massiliensis,Клещевые инфекции
180332,Robinsoniella peoriensis,"Бактериемия, инфекции костей, инфекции кожи"
758,Rodentibacter pneumotropicus,Редкий
204525,Roseomonas cervicalis,"Бактериемия, раневые инфекции, перитониты"
257708,Roseomonas gilardii,"Бактериемия, раневые инфекции, перитониты"
207340,Roseomonas mucosa,"Бактериемия, раневые инфекции, перитониты"
172042,Rothia aeria,Остеомиелиты. Флора рта
2047,Rothia dentocariosa,"Эндокардиты, абсцессы"