Taxon,Zoonotic
Chlamydia psittaci,Zoonotic
Francisella tularensis,Zoonotic
Coxiella burnetii,Zoonotic
Bacillus anthracis,Zoonotic
Yersinia enterocolitica,Zoonotic
Mycobacterium bovis,Zoonotic
Yersinia pseudotuberculosis,Zoonotic
Mycobacterium avium,Zoonotic
Pasteurella multocida,Zoonotic
Aeromonas hydrophila,Zoonotic
Clostridium botulinum,Zoonotic
Escherichia coli,Zoonotic
Erysipelothrix rhusiopathiae,Zoonotic
Aeromonas salmonicida,Zoonotic
Yersinia pestis,Zoonotic
Edwardsiella tarda,Zoonotic
Clostridium perfringens,Zoonotic
Leptospira interrogans,Zoonotic
Salmonella enterica subsp. enterica,Zoonotic
Staphylococcus aureus,Zoonotic
Pseudomonas aeruginosa,Zoonotic
Anaplasma phagocytophilum,Zoonotic
Listeria monocytogenes,Zoonotic
Borreliella burgdorferi,Zoonotic
Campylobacter jejuni,Zoonotic
Mycoplasma gallisepticum,Not zoonotic
Burkholderia pseudomallei,Zoonotic
Rickettsia rickettsii,Zoonotic
Mycobacterium marinum,Zoonotic
Salmonella enterica subsp. diarizonae,Zoonotic
Trueperella pyogenes,Zoonotic
 Clostridium   piliforme,Zoonotic
Yersinia intermedia,Zoonotic
Mycobacterium tuberculosis,Zoonotic
Streptococcus iniae,Zoonotic
Flavobacterium psychrophilum,Not zoonotic
Dermatophilus congolensis,Zoonotic
Brucella abortus,Zoonotic
Streptococcus agalactiae,Zoonotic
Tenacibaculum maritimum,Not zoonotic
Streptococcus dysgalactiae,Zoonotic
Yersinia frederiksenii,Zoonotic
Bordetella bronchiseptica,Zoonotic
Chlamydia abortus,Zoonotic
Citrobacter freundii,Zoonotic
Mycobacterium genavense,Zoonotic
Corynebacterium pseudotuberculosis,Zoonotic
Mycobacterium chelonae,Zoonotic
Nocardia seriolae,Not zoonotic
Photobacterium damselae,Zoonotic
Salmonella enterica subsp. arizonae,Zoonotic
Vibrio harveyi,Zoonotic
Corynebacterium ulcerans,Zoonotic
Mycobacterium kansasii,Zoonotic
Ornithobacterium rhinotracheale,Not zoonotic
Rhodococcus equi,Zoonotic
Vibrio anguillarum,Not zoonotic
Yersinia kristensenii,Zoonotic
Clostridioides difficile,Zoonotic
Clostridium tetani,Zoonotic
Fusobacterium necrophorum,Zoonotic
Mycobacterium fortuitum,Zoonotic
Nocardia asteroides,Zoonotic
Streptococcus equi,Zoonotic
Anaplasma bovis,Not zoonotic
Pasteurella pneumotropica,Zoonotic
Pseudomonas anguilliseptica,Not zoonotic
Staphylococcus sciuri,Zoonotic
Aeromonas sobria,Zoonotic
Chlamydia pneumoniae,Zoonotic
Flavobacterium columnare,Not zoonotic
Chromobacterium violaceum,Zoonotic
Mycobacterium microti,Zoonotic
Plesiomonas shigelloides,Zoonotic
Bordetella avium,Zoonotic
Ehrlichia ruminantium,Not zoonotic
Leptospira borgpetersenii,Zoonotic
Leptospira kirschneri,Zoonotic
Neorickettsia helminthoeca,Not zoonotic
Stenotrophomonas maltophilia,Zoonotic
Yersinia ruckeri,Zoonotic
Anaplasma marginale,Not zoonotic
Clostridium septicum,Zoonotic
Edwardsiella ictaluri,Not zoonotic
Escherichia albertii,Zoonotic
Lactococcus garvieae,Zoonotic
Shigella flexneri,Zoonotic
Actinobacillus equuli,Zoonotic
Aeromonas caviae,Zoonotic
Brachyspira pilosicoli,Zoonotic
Brucella melitensis,Zoonotic
Mycobacterium caprae,Zoonotic
Mycobacterium ulcerans,Zoonotic
Streptobacillus moniliformis,Zoonotic
Acinetobacter baumannii,Zoonotic
Arcanobacterium phocae,Not zoonotic
Bartonella grahamii,Zoonotic
Bartonella henselae,Zoonotic
Bartonella washoensis,Zoonotic
Borreliella afzelii,Zoonotic
Brucella ceti,Zoonotic
Brucella suis,Zoonotic
Cetobacterium somerae,Zoonotic
Clostridium chauvoei,Zoonotic
Elizabethkingia meningoseptica,Zoonotic
Enterococcus hirae,Zoonotic
Mycobacterium pinnipedii,Zoonotic
Mycoplasma arginini,Zoonotic
Mycoplasma sturni,Not zoonotic
Rickettsia felis,Zoonotic
Serratia marcescens,Zoonotic
Streptococcus canis,Zoonotic
Streptococcus phocae,Not zoonotic
Bacillus cereus,Zoonotic
Devriesea agamarum,Not zoonotic
Mannheimia haemolytica,Zoonotic
Renibacterium salmoninarum,Not zoonotic
Shigella sonnei,Zoonotic
Staphylococcus delphini,Not zoonotic
Staphylococcus lentus,Zoonotic
Staphylococcus lugdunensis,Zoonotic
Streptococcus pluranimalium,Zoonotic
Vibrio alginolyticus,Zoonotic
Actinobacillus suis,Zoonotic
Arcanobacterium haemolyticum,Zoonotic
Arcobacter butzleri,Zoonotic
Bartonella elizabethae,Zoonotic
Borrelia crocidurae,Zoonotic
Borrelia hermsii,Zoonotic
Borreliella japonica,Zoonotic
Brachyspira aalborgi,Zoonotic
Brachyspira hyodysenteriae,Not zoonotic
Campylobacter coli,Zoonotic
Campylobacter iguaniorum,Not zoonotic
Chlamydia pecorum,Not zoonotic
Ehrlichia chaffeensis,Zoonotic
Enterococcus cecorum,Zoonotic
Hafnia alvei,Zoonotic
Klebsiella pneumoniae,Zoonotic
Morganella morganii,Zoonotic
Mycobacterium scrofulaceum,Zoonotic
Mycoplasma capricolum,Not zoonotic
Nocardia farcinica,Zoonotic
Pasteurella canis,Zoonotic
Proteus mirabilis,Zoonotic
Salmonella enterica subsp. salamae,Zoonotic
Staphylococcus epidermidis,Zoonotic
Staphylococcus hyicus,Zoonotic
Streptococcus equinus,Zoonotic
Streptococcus suis,Zoonotic
Acholeplasma laidlawii,Zoonotic
Acinetobacter lwoffii,Zoonotic
Actinobacillus lignieresii,Zoonotic
Actinomyces bovis,Zoonotic
Aerococcus viridans,Zoonotic
Anaplasma ovis,Not zoonotic
Bartonella rochalimae,Zoonotic
Borreliella garinii,Zoonotic
Brucella pinnipedialis,Zoonotic
Burkholderia mallei,Zoonotic
Campylobacter fetus,Zoonotic
Corynebacterium kutscheri,Zoonotic
Escherichia fergusonii,Zoonotic
Francisella noatunensis,Not zoonotic
Lawsonia intracellularis,Not zoonotic
Listeria innocua,Zoonotic
Listeria ivanovii,Zoonotic
Moraxella ovis,Not zoonotic
Mycobacterium interjectum,Zoonotic
Mycobacterium pseudoshottsii,Not zoonotic
Mycobacterium simiae,Zoonotic
Mycobacterium szulgai,Zoonotic
Mycoplasma mycoides,Not zoonotic
Mycoplasma ovis,Not zoonotic
Nocardia brasiliensis,Zoonotic
Nocardia otitidiscaviarum,Zoonotic
Pasteurella oralis,Zoonotic
Piscirickettsia salmonis,Not zoonotic
Pseudomonas fluorescens,Zoonotic
Rickettsia heilongjiangensis,Zoonotic
Rickettsia typhi,Zoonotic
Staphylococcus gallinarum,Zoonotic
Staphylococcus intermedius,Zoonotic
Staphylococcus simulans,Zoonotic
Vibrio ordalii,Not zoonotic
Vibrio parahaemolyticus,Zoonotic
Wohlfahrtiimonas chitiniclastica,Zoonotic
Actinomyces viscosus,Zoonotic
Aeromonas dhakensis,Zoonotic
Arcanobacterium pluranimalium,Not zoonotic
Arcobacter cryaerophilus,Zoonotic
Bacteroides fragilis,Zoonotic
Bartonella quintana,Zoonotic
Bartonella vinsonii,Zoonotic
Borreliella lusitaniae,Zoonotic
Campylobacter insulaenigrae,Zoonotic
Campylobacter lanienae,Zoonotic
Carnobacterium maltaromaticum,Zoonotic
Chlamydia caviae,Zoonotic
Clostridium tertium,Zoonotic
Corynebacterium diphtheriae,Zoonotic
Ehrlichia muris,Zoonotic
Enterococcus durans,Zoonotic
Flavobacterium branchiophilum,Not zoonotic
Gallibacterium anatis,Zoonotic
Histophilus somni,Not zoonotic
Lactobacillus spp,Zoonotic
Laribacter hongkongensis,Zoonotic
Moritella viscosa,Not zoonotic
Mycobacterium celatum,Zoonotic
Mycobacterium leprae,Zoonotic
Mycobacterium peregrinum,Zoonotic
Mycobacterium xenopi,Zoonotic
Mycoplasma lipofaciens,Zoonotic
Mycoplasma ovipneumoniae,Not zoonotic
Necropsobacter rosorum,Zoonotic
Nocardia nova,Zoonotic
Paeniclostridium sordellii,Zoonotic
Providencia heimbachae,Zoonotic
Providencia rettgeri,Zoonotic
Salmonella enterica subsp. houtenae,Zoonotic
Serratia liquefaciens,Zoonotic
Staphylococcus xylosus,Zoonotic
Treponema pallidum,Zoonotic
Vagococcus fluvialis,Zoonotic
Clostridium   colinum,Not zoonotic
Eubacterium   tortuosum,Zoonotic
Acholeplasma oculi,Zoonotic
Achromobacter xylosoxidans,Zoonotic
Acidaminococcus fermentans,Zoonotic
Actinomyces hyovaginalis,Not zoonotic
Aeromonas veronii,Zoonotic
Alcaligenes faecalis,Zoonotic
Arcobacter skirrowii,Zoonotic
Austwickia chelonae,Not zoonotic
Bartonella bovis,Not zoonotic
Bartonella queenslandensis,Not zoonotic
Bartonella rattaustraliani,Not zoonotic
Bartonella taylorii,Not zoonotic
Bibersteinia trehalosi,Not zoonotic
Borrelia anserina,Not zoonotic
Borrelia parkeri,Zoonotic
Campylobacter hyointestinalis,Zoonotic
Campylobacter lari,Zoonotic
Campylobacter sputorum,Zoonotic
Campylobacter ureolyticus,Zoonotic
Catellicoccus marimammalium,Not zoonotic
Clostridium fallax,Zoonotic
Clostridium novyi,Zoonotic
Corynebacterium bovis,Zoonotic
Corynebacterium falsenii,Zoonotic
Corynebacterium xerosis,Zoonotic
Enterococcus faecium,Zoonotic
Frederiksenia canicola,Zoonotic
Hathewaya limosa,Zoonotic
Helcococcus ovis,Not zoonotic
Helicobacter canadensis,Zoonotic
Helicobacter cetorum,Not zoonotic
Klebsiella oxytoca,Zoonotic
Kluyvera ascorbata,Zoonotic
Leptospira fainei,Zoonotic
Leptospira inadai,Zoonotic
Leptospira noguchii,Zoonotic
Moraxella cuniculi,Not zoonotic
Mycobacterium abscessus,Zoonotic
Mycobacterium asiaticum,Zoonotic
Mycobacterium haemophilum,Zoonotic
Mycobacterium smegmatis,Zoonotic
Mycoplasma agassizii,Not zoonotic
Mycoplasma conjunctivae,Not zoonotic
Mycoplasma felis,Zoonotic
Pantoea agglomerans,Zoonotic
Pasteurella stomatis,Zoonotic
Porphyromonas gingivalis,Zoonotic
Porphyromonas gulae,Not zoonotic
Proteus vulgaris,Zoonotic
Providencia alcalifaciens,Zoonotic
Providencia stuartii,Zoonotic
Pseudomonas putida,Zoonotic
Rickettsia akari,Zoonotic
Rickettsia helvetica,Zoonotic
Riemerella anatipestifer,Not zoonotic
Salmonella bongori,Zoonotic
Staphylococcus haemolyticus,Zoonotic
Staphylococcus pseudintermedius,Zoonotic
Streptococcus halichoeri,Zoonotic
Streptococcus pasteurianus,Zoonotic
Streptococcus pneumoniae,Zoonotic
Suttonella ornithocola,Not zoonotic
Tenacibaculum soleae,Not zoonotic
Vibrio vulnificus,Zoonotic
Volucribacter psittacicida,Not zoonotic
Yersinia mollaretii,Zoonotic
Yersinia rohdei,Zoonotic
 Clostridium   cocleatum,Zoonotic
 Pasteurella   aerogenes,Zoonotic
Acinetobacter calcoaceticus,Zoonotic
Actinobacillus capsulatus,Not zoonotic
Actinobacillus delphinicola,Not zoonotic
Actinomyces israelii,Zoonotic
Actinomyces marimammalium,Not zoonotic
Aeromonas allosaccharophila,Zoonotic
Aeromonas jandaei,Zoonotic
Aeromonas piscicola,Not zoonotic
Aggregatibacter actinomycetemcomitans,Zoonotic
Aliivibrio salmonicida,Not zoonotic
Anaplasma centrale,Not zoonotic
Anaplasma platys,Zoonotic
Avibacterium paragallinarum,Not zoonotic
Bacillus licheniformis,Zoonotic
Bacillus mycoides,Zoonotic
Bacillus subtilis,Zoonotic
Bacteroides heparinolyticus,Zoonotic
Bacteroides pyogenes,Zoonotic
Bartonella capreoli,Not zoonotic
Bartonella schoenbuchensis,Not zoonotic
Bartonella tribocorum,Not zoonotic
Bordetella hinzii,Zoonotic
Borrelia duttonii,Zoonotic
Borrelia hispanica,Zoonotic
Borreliella americana,Zoonotic
Borreliella bavariensis,Zoonotic
Borreliella valaisiana,Zoonotic
Brachyspira alvinipulli,Not zoonotic
Brachyspira murdochii,Not zoonotic
Brucella canis,Zoonotic
Brucella microti,Not zoonotic
Butyricimonas virosa,Zoonotic
Campylobacter subantarcticus,Not zoonotic
Capnocytophaga canimorsus,Zoonotic
Chlamydia felis,Zoonotic
Chlamydia gallinacea,Not zoonotic
Clostridium intestinale,Zoonotic
Coenonia anatina,Not zoonotic
Dichelobacter nodosus,Not zoonotic
Edwardsiella hoshinae,Zoonotic
Ehrlichia canis,Zoonotic
Eikenella corrodens,Zoonotic
Enterococcus faecalis,Zoonotic
Enterococcus gallinarum,Zoonotic
Enterococcus thailandicus,Zoonotic
Escherichia vulneris,Zoonotic
Fusobacterium nucleatum,Zoonotic
Gallibacterium salpingitidis,Not zoonotic
Globicatella sulfidifaciens,Not zoonotic
Helcococcus kunzii,Zoonotic
Helicobacter acinonychis,Not zoonotic
Helicobacter cinaedi,Zoonotic
Helicobacter heilmannii,Zoonotic
Leptospira licerasiae,Zoonotic
Leptospira santarosai,Zoonotic
Leptospira weilii,Zoonotic
Mannheimia granulomatis,Not zoonotic
Moellerella wisconsensis,Zoonotic
Moraxella bovis,Not zoonotic
Moraxella canis,Zoonotic
Moraxella lacunata,Zoonotic
Mycobacterium africanum,Zoonotic
Mycobacterium elephantis,Zoonotic
Mycobacterium goodii,Zoonotic
Mycobacterium lepraemurium,Not zoonotic
Mycoplasma agalactiae,Not zoonotic
Mycoplasma bovigenitalium,Not zoonotic
Mycoplasma gallinaceum,Not zoonotic
Mycoplasma haemofelis,Not zoonotic
Mycoplasma hominis,Zoonotic
Mycoplasma synoviae,Not zoonotic
Neorickettsia risticii,Not zoonotic
Nocardia africana,Zoonotic
Nocardia cyriacigeorgica,Zoonotic
Ochrobactrum anthropi,Zoonotic
Pasteurella caballi,Zoonotic
Pasteurella dagmatis,Zoonotic
Porphyromonas macacae,Zoonotic
Prevotella ruminicola,Zoonotic
Propionibacterium acnes,Zoonotic
Rickettsia japonica,Zoonotic
Robinsoniella peoriensis,Zoonotic
Shigella dysenteriae,Zoonotic
Staphylococcus chromogenes,Not zoonotic
Staphylococcus hominis,Zoonotic
Staphylococcus pasteuri,Zoonotic
Staphylococcus saprophyticus,Zoonotic
Staphylococcus warneri,Zoonotic
Streptococcus alactolyticus,Zoonotic
Streptococcus gallolyticus,Zoonotic
Streptococcus merionis,Zoonotic
Streptococcus minor,Zoonotic
Treponema pedis,Not zoonotic
Vagococcus salmoninarum,Not zoonotic
Vibrio ichthyoenteri,Not zoonotic
Vibrio mimicus,Zoonotic
Clostridium spiroforme,Zoonotic
Eubacterium brachy,Zoonotic
Pasteurella mairii,Not zoonotic
Acholeplasma equifetale,Not zoonotic
Acinetobacter beijerinckii,Zoonotic
Acinetobacter gandensis,Not zoonotic
Acinetobacter johnsonii,Zoonotic
Acinetobacter variabilis,Zoonotic
Actinobacillus pleuropneumoniae,Zoonotic
Actinobacillus ureae,Zoonotic
Actinomyces denticolens,Not zoonotic
Actinomyces meyeri,Zoonotic
Actinomyces naeslundii,Zoonotic
Aeromonas bestiarum,Zoonotic
Aeromonas encheleia,Zoonotic
Aeromonas schubertii,Zoonotic
Aeromonas simiae,Not zoonotic
Allisonella histaminiformans,Not zoonotic
Alysiella filiformis,Not zoonotic
Anaerobiospirillum succiniciproducens,Zoonotic
Anaerobiospirillum thomasii,Zoonotic
Anaeroplasma abactoclasticum,Not zoonotic
Anaerorhabdus furcosa,Zoonotic
Arcobacter lanthieri,Not zoonotic
Arcobacter thereius,Not zoonotic
Avibacterium gallinarum,Not zoonotic
Avibacterium volantium,Zoonotic
Bacillus pumilus,Zoonotic
Bacteroides sartorii,Not zoonotic
Bacteroides zoogleoformans,Zoonotic
Bartonella alsatica,Zoonotic
Bartonella clarridgeiae,Zoonotic
Bartonella koehlerae,Zoonotic
Bartonella melophagi,Zoonotic
Bergeyella zoohelcum,Zoonotic
Bifidobacterium longum,Zoonotic
Bifidobacterium pseudocatenulatum,Zoonotic
Bisgaardia hudsonensis,Zoonotic
Blautia coccoides,Zoonotic
Bordetella parapertussis,Zoonotic
Borrelia coriaceae,Not zoonotic
Borrelia miyamotoi,Zoonotic
Borrelia persica,Zoonotic
Borrelia theileri,Not zoonotic
Borrelia turcica,Not zoonotic
Borreliella carolinensis,Not zoonotic
Borreliella spielmanii,Zoonotic
Borreliella tanukii,Not zoonotic
Brachyspira innocens,Not zoonotic
Brachyspira intermedia,Not zoonotic
Brevinema andersonii,Not zoonotic
Brucella inopinata,Zoonotic
Burkholderia cepacia,Zoonotic
Burkholderia contaminans,Zoonotic
Burkholderia gladioli,Zoonotic
Campylobacter avium,Not zoonotic
Campylobacter mucosalis,Zoonotic
Campylobacter upsaliensis,Zoonotic
Capnocytophaga cynodegmi,Zoonotic
Cardiobacterium hominis,Zoonotic
Cellulosimicrobium cellulans,Zoonotic
Cetobacterium ceti,Not zoonotic
Chlamydia muridarum,Not zoonotic
Chlamydia suis,Not zoonotic
Chryseobacterium aahli,Not zoonotic
Chryseobacterium balustinum,Zoonotic
Chryseobacterium hominis,Zoonotic
Chryseobacterium indologenes,Zoonotic
Chryseobacterium piscicola,Not zoonotic
Citrobacter koseri,Zoonotic
Citrobacter rodentium,Zoonotic
Citrobacter sedlakii,Zoonotic
Clostridium carnis,Zoonotic
Clostridium haemolyticum,Not zoonotic
Clostridium ventriculi,Zoonotic
Corynebacterium amycolatum,Zoonotic
Corynebacterium glucuronolyticum,Zoonotic
Corynebacterium jeikeium,Zoonotic
Corynebacterium kroppenstedtii,Zoonotic
Corynebacterium macginleyi,Zoonotic
Corynebacterium mastitidis,Not zoonotic
Corynebacterium matruchotii,Zoonotic
Corynebacterium urealyticum,Zoonotic
Cricetibacter osteomyelitidis,Not zoonotic
Deefgea chitinilytica,Not zoonotic
Delftia acidovorans,Zoonotic
Ehrlichia ewingii,Zoonotic
Enterobacter cloacae,Zoonotic
Enterobacter ludwigii,Zoonotic
Enterococcus avium,Zoonotic
Enterococcus raffinosus,Zoonotic
Facklamia sourekii,Zoonotic
Flavobacterium ceti,Zoonotic
Fusobacterium russii,Zoonotic
Gallibacterium melopsittaci,Not zoonotic
Gardnerella vaginalis,Zoonotic
Grimontia hollisae,Zoonotic
Haemophilus parahaemolyticus,Zoonotic
Haemophilus parainfluenzae,Zoonotic
Helicobacter bilis,Zoonotic
Helicobacter canis,Zoonotic
Helicobacter felis,Zoonotic
Helicobacter hepaticus,Zoonotic
Helicobacter macacae,Not zoonotic
Helicobacter marmotae,Not zoonotic
Helicobacter muridarum,Not zoonotic
Helicobacter pullorum,Zoonotic
Helicobacter pylori,Zoonotic
Helicobacter salomonis,Zoonotic
Helicobacter suis,Zoonotic
Kluyvera cryocrescens,Zoonotic
Leptospira wolffii,Zoonotic
Mannheimia glucosida,Zoonotic
Mannheimia varigena,Not zoonotic
Megamonas hypermegale,Zoonotic
Moraxella bovoculi,Not zoonotic
Moraxella osloensis,Zoonotic
Moraxella pluranimalium,Not zoonotic
Muribacter muris,Not zoonotic
Mycobacterium bohemicum,Zoonotic
Mycobacterium farcinogenes,Zoonotic
Mycobacterium gordonae,Zoonotic
Mycobacterium heckeshornense,Zoonotic
Mycobacterium intermedium,Zoonotic
Mycobacterium montefiorense,Not zoonotic
Mycobacterium palustre,Zoonotic
Mycobacterium porcinum,Zoonotic
Mycobacterium poriferae,Zoonotic
Mycobacterium salmoniphilum,Not zoonotic
Mycobacterium senegalense,Zoonotic
Mycobacterium shottsii,Not zoonotic
Mycoplasma alligatoris,Not zoonotic
Mycoplasma arthritidis,Not zoonotic
Mycoplasma bovis,Not zoonotic
Mycoplasma haemomuris,Not zoonotic
Mycoplasma neurolyticum,Not zoonotic
Mycoplasma pneumoniae,Zoonotic
Mycoplasma pullorum,Not zoonotic
Mycoplasma pulmonis,Not zoonotic
Mycoplasma salivarium,Zoonotic
Neisseria canis,Zoonotic
Neisseria elongata,Zoonotic
Neisseria iguanae,Not zoonotic
Neisseria macacae,Zoonotic
Neorickettsia sennetsu,Zoonotic
Nocardia arthritidis,Zoonotic
Nocardia elegans,Zoonotic
Nocardia neocaledoniensis,Zoonotic
Nocardia veterana,Zoonotic
Oscillibacter ruminantium,Zoonotic
Otariodibacter oris,Not zoonotic
Parachlamydia acanthamoebae,Zoonotic
Pasteurella testudinis,Not zoonotic
Peptococcus niger,Zoonotic
Peptostreptococcus anaerobius,Zoonotic
Porphyromonas circumdentaria,Zoonotic
Porphyromonas levii,Zoonotic
Prevotella bivia,Zoonotic
Propionibacterium propionicum,Zoonotic
Pseudomonas plecoglossicida,Not zoonotic
Psychrobacter faecalis,Zoonotic
Psychrobacter immobilis,Zoonotic
Psychrobacter phenylpyruvicus,Zoonotic
Psychrobacter pulmonis,Zoonotic
Rhodococcus erythropolis,Zoonotic
Rickettsia australis,Zoonotic
Rickettsia conorii,Zoonotic
Rickettsia honei,Zoonotic
Rickettsia parkeri,Zoonotic
Rickettsia prowazekii,Zoonotic
Rickettsia raoultii,Zoonotic
Rickettsia sibirica,Zoonotic
Rickettsia slovaca,Zoonotic
Rickettsia tamurae,Zoonotic
Segniliparus rugosus,Zoonotic
Serratia fonticola,Zoonotic
Shewanella algae,Zoonotic
Shigella boydii,Zoonotic
Staphylococcus agnetis,Not zoonotic
Staphylococcus capitis,Zoonotic
Staphylococcus caprae,Zoonotic
Staphylococcus cohnii,Zoonotic
Staphylococcus saccharolyticus,Zoonotic
Staphylococcus schleiferi,Zoonotic
Streptococcus acidominimus,Zoonotic
Streptococcus gallinaceus,Zoonotic
Streptococcus infantarius,Zoonotic
Streptococcus intermedius,Zoonotic
Streptococcus parasanguinis,Zoonotic
Streptococcus parauberis,Not zoonotic
Streptococcus porcinus,Zoonotic
Streptococcus sanguinis,Zoonotic
Streptococcus uberis,Zoonotic
Streptomyces albus,Zoonotic
Streptomyces griseus,Zoonotic
Tenacibaculum dicentrarchi,Not zoonotic
Tissierella praeacuta,Zoonotic
Trueperella abortisuis,Not zoonotic
Trueperella bernardiae,Zoonotic
Vibrio fluvialis,Zoonotic
Vibrio furnissii,Zoonotic
Vibrio ponticus,Not zoonotic
Vibrio scophthalmi,Not zoonotic
Waddlia chondrophila,Zoonotic
Weissella ceti,Not zoonotic
Weissella confusa,Zoonotic
Wolinella succinogenes,Zoonotic
Actinobacillus   rossii,Not zoonotic
Bacteroides   coagulans,Not zoonotic
Bacteroides   pectinophilus,Not zoonotic
Clostridium   aldenense,Not zoonotic
Clostridium   amygdalinum,Not zoonotic
Clostridium   asparagiforme,Not zoonotic
Clostridium   bolteae,Not zoonotic
Clostridium   citroniae,Not zoonotic
Clostridium   clostridioforme,Not zoonotic
Clostridium   innocuum,Not zoonotic
Clostridium   lavalense,Not zoonotic
Clostridium   sphenoides,Not zoonotic
Enterobacter   aerogenes,Not zoonotic
Eubacterium   contortum,Not zoonotic
Eubacterium   minutum,Not zoonotic
Eubacterium   nodatum,Not zoonotic
Eubacterium   rectale,Not zoonotic
Eubacterium   saphenum,Not zoonotic
Eubacterium   sulci,Not zoonotic
Eubacterium   tenue,Not zoonotic
Eubacterium   yurii,Not zoonotic
Haemophilus   ducreyi,Not zoonotic
Haemophilus   felis,Not zoonotic
Haemophilus   parasuis,Not zoonotic
Ruminococcus   gnavus,Not zoonotic
Abiotrophia defectiva,Not zoonotic
Acetatifactor muris,Not zoonotic
Acetitomaculum ruminis,Not zoonotic
Acetivibrio ethanolgignens,Not zoonotic
Acholeplasma axanthum,Not zoonotic
Acholeplasma cavigenitalium,Not zoonotic
Acholeplasma granularum,Not zoonotic
Acholeplasma hippikon,Not zoonotic
Acholeplasma parvum,Not zoonotic
Achromobacter aegrifaciens,Not zoonotic
Achromobacter animicus,Not zoonotic
Achromobacter anxifer,Not zoonotic
Achromobacter denitrificans,Not zoonotic
Achromobacter dolens,Not zoonotic
Achromobacter insolitus,Not zoonotic
Achromobacter insuavis,Not zoonotic
Achromobacter marplatensis,Not zoonotic
Achromobacter mucicolens,Not zoonotic
Achromobacter piechaudii,Not zoonotic
Achromobacter pulmonis,Not zoonotic
Achromobacter ruhlandii,Not zoonotic
Achromobacter spanius,Not zoonotic
Acidaminococcus intestini,Not zoonotic
Acinetobacter baylyi,Not zoonotic
Acinetobacter bereziniae,Not zoonotic
Acinetobacter guillouiae,Not zoonotic
Acinetobacter gyllenbergii,Not zoonotic
Acinetobacter haemolyticus,Not zoonotic
Acinetobacter junii,Not zoonotic
Acinetobacter nosocomialis,Not zoonotic
Acinetobacter parvus,Not zoonotic
Acinetobacter pittii,Not zoonotic
Acinetobacter radioresistens,Not zoonotic
Acinetobacter schindleri,Not zoonotic
Acinetobacter seifertii,Not zoonotic
Acinetobacter ursingii,Not zoonotic
Actinobacillus anseriformium,Not zoonotic
Actinobacillus arthritidis,Not zoonotic
Actinobacillus hominis,Not zoonotic
Actinobacillus indolicus,Not zoonotic
Actinobacillus minor,Not zoonotic
Actinobacillus porcinus,Not zoonotic
Actinobacillus scotiae,Not zoonotic
Actinobacillus seminis,Not zoonotic
Actinobacillus succinogenes,Not zoonotic
Actinobaculum massiliense,Not zoonotic
Actinobaculum suis,Not zoonotic
Actinomadura madurae,Not zoonotic
Actinomadura meyerae,Not zoonotic
Actinomadura pelletieri,Not zoonotic
Actinomadura sputi,Not zoonotic
Actinomyces bowdenii,Not zoonotic
Actinomyces cardiffensis,Not zoonotic
Actinomyces dentalis,Not zoonotic
Actinomyces europaeus,Not zoonotic
Actinomyces funkei,Not zoonotic
Actinomyces georgiae,Not zoonotic
Actinomyces gerencseriae,Not zoonotic
Actinomyces graevenitzii,Not zoonotic
Actinomyces hominis,Not zoonotic
Actinomyces hongkongensis,Not zoonotic
Actinomyces howellii,Not zoonotic
Actinomyces johnsonii,Not zoonotic
Actinomyces massiliensis,Not zoonotic
Actinomyces nasicola,Not zoonotic
Actinomyces neuii,Not zoonotic
Actinomyces odontolyticus,Zoonotic
Actinomyces oricola,Not zoonotic
Actinomyces oris,Not zoonotic
Actinomyces radicidentis,Not zoonotic
Actinomyces radingae,Not zoonotic
Actinomyces slackii,Not zoonotic
Actinomyces suimastitidis,Not zoonotic
Actinomyces timonensis,Not zoonotic
Actinomyces turicensis,Zoonotic
Actinomyces urogenitalis,Not zoonotic
Actinomyces vaccimaxillae,Not zoonotic
Actinotignum sanguinis,Not zoonotic
Actinotignum schaalii,Not zoonotic
Actinotignum urinale,Not zoonotic
Adlercreutzia equolifaciens,Not zoonotic
Aerococcus christensenii,Not zoonotic
Aerococcus sanguinicola,Not zoonotic
Aerococcus suis,Not zoonotic
Aerococcus urinae,Not zoonotic
Aerococcus urinaeequi,Not zoonotic
Aerococcus urinaehominis,Not zoonotic
Aerococcus vaginalis,Not zoonotic
Aeromonas diversa,Not zoonotic
Aeromonas enteropelogenes,Not zoonotic
Aeromonas sanarellii,Not zoonotic
Aeromonas taiwanensis,Not zoonotic
Aeromonas tecta,Not zoonotic
Afipia broomeae,Not zoonotic
Afipia clevelandensis,Not zoonotic
Afipia felis,Not zoonotic
Aggregatibacter aphrophilus,Not zoonotic
Aggregatibacter segnis,Not zoonotic
Agrobacterium tumefaciens,Not zoonotic
Aliivibrio wodanis,Not zoonotic
Alishewanella fetalis,Not zoonotic
Alistipes finegoldii,Not zoonotic
Alistipes indistinctus,Not zoonotic
Alistipes onderdonkii,Not zoonotic
Alistipes putredinis,Not zoonotic
Alistipes shahii,Not zoonotic
Alistipes timonensis,Not zoonotic
Allofustis seminis,Not zoonotic
Alloiococcus otitis,Not zoonotic
Allomonas enterica,Not zoonotic
Alloprevotella rava,Not zoonotic
Alloprevotella tannerae,Not zoonotic
Alloscardovia criceti,Not zoonotic
Alloscardovia macacae,Not zoonotic
Alloscardovia omnicolens,Not zoonotic
Alysiella crassa,Not zoonotic
Amphritea ceti,Not zoonotic
Amycolatopsis benzoatilytica,Not zoonotic
Amycolatopsis kentuckyensis,Not zoonotic
Amycolatopsis lexingtonensis,Not zoonotic
Amycolatopsis orientalis,Not zoonotic
Amycolatopsis palatopharyngis,Not zoonotic
Amycolatopsis pretoriensis,Not zoonotic
Anaerococcus hydrogenalis,Not zoonotic
Anaerococcus lactolyticus,Not zoonotic
Anaerococcus murdochii,Not zoonotic
Anaerococcus octavius,Not zoonotic
Anaerococcus prevotii,Not zoonotic
Anaerococcus senegalensis,Not zoonotic
Anaerococcus tetradius,Not zoonotic
Anaerococcus vaginalis,Not zoonotic
Anaerofustis stercorihominis,Not zoonotic
Anaeroglobus geminatus,Not zoonotic
Anaeroplasma bactoclasticum,Not zoonotic
Anaerostipes butyraticus,Not zoonotic
Anaerostipes caccae,Not zoonotic
Anaerostipes hadrus,Not zoonotic
Anaerostipes rhamnosivorans,Not zoonotic
Anaerotruncus colihominis,Not zoonotic
Anaplasma caudatum,Not zoonotic
Aquimonas voraii,Not zoonotic
Arcanobacterium canis,Not zoonotic
Arcanobacterium hippocoleae,Not zoonotic
Arcanobacterium phocisimile,Not zoonotic
Arcobacter trophiarum,Not zoonotic
Arsenicicoccus dermatophilus,Not zoonotic
Arsenicicoccus piscis,Not zoonotic
Arthrobacter agilis,Not zoonotic
Arthrobacter gandavensis,Not zoonotic
Arthrobacter luteolus,Not zoonotic
Arthrobacter nasiphocae,Not zoonotic
Arthrobacter rhombi,Not zoonotic
Arthrobacter sanguinis,Not zoonotic
Arthrobacter woluwensis,Not zoonotic
Asaccharobacter celatus,Not zoonotic
Asaia bogorensis,Not zoonotic
Asaia lannensis,Not zoonotic
Atlantibacter hermannii,Not zoonotic
Atopobacter phocae,Not zoonotic
Atopobium deltae,Not zoonotic
Atopobium fossor,Not zoonotic
Atopobium minutum,Not zoonotic
Atopobium parvulum,Not zoonotic
Atopobium rimae,Not zoonotic
Atopobium vaginae,Not zoonotic
Aureimonas altamirensis,Zoonotic
Auritidibacter ignavus,Not zoonotic
Avibacterium avium,Not zoonotic
Avibacterium endocarditidis,Not zoonotic
Azospirillum brasilense,Not zoonotic
Azospirillum spp,Not zoonotic
Bacillus badius,Not zoonotic
Bacillus circulans,Not zoonotic
Bacillus coagulans,Not zoonotic
Bacillus cytotoxicus,Not zoonotic
Bacillus idriensis,Not zoonotic
Bacillus infantis,Not zoonotic
Bacillus oleronius,Not zoonotic
Bacillus thuringiensis,Not zoonotic
Bacillus xiamenensis,Not zoonotic
Bacteroides acidifaciens,Not zoonotic
Bacteroides barnesiae,Not zoonotic
Bacteroides caccae,Not zoonotic
Bacteroides cellulosilyticus,Not zoonotic
Bacteroides clarus,Not zoonotic
Bacteroides coprocola,Not zoonotic
Bacteroides coprophilus,Not zoonotic
Bacteroides dorei,Not zoonotic
Bacteroides eggerthii,Not zoonotic
Bacteroides faecichinchillae,Not zoonotic
Bacteroides faecis,Not zoonotic
Bacteroides finegoldii,Not zoonotic
Bacteroides fluxus,Not zoonotic
Bacteroides galacturonicus,Not zoonotic
Bacteroides gallinarum,Not zoonotic
Bacteroides helcogenes,Not zoonotic
Bacteroides intestinalis,Not zoonotic
Bacteroides massiliensis,Not zoonotic
Bacteroides nordii,Not zoonotic
Bacteroides oleiciplenus,Not zoonotic
Bacteroides ovatus,Not zoonotic
Bacteroides plebeius,Not zoonotic
Bacteroides rodentium,Not zoonotic
Bacteroides salanitronis,Not zoonotic
Bacteroides salyersiae,Not zoonotic
Bacteroides stercorirosoris,Not zoonotic
Bacteroides stercoris,Not zoonotic
Bacteroides thetaiotaomicron,Not zoonotic
Bacteroides uniformis,Not zoonotic
Bacteroides vulgatus,Not zoonotic
Bacteroides xylanisolvens,Not zoonotic
Balneatrix alpica,Not zoonotic
Barnesiella intestinihominis,Not zoonotic
Barnesiella viscericola,Not zoonotic
Bartonella acomydis,Not zoonotic
Bartonella ancashensis,Not zoonotic
Bartonella bacilliformis,Not zoonotic
Bartonella callosciuri,Not zoonotic
Bartonella chomelii,Not zoonotic
Bartonella coopersplainsensis,Not zoonotic
Bartonella doshiae,Not zoonotic
Bartonella florencae,Not zoonotic
Bartonella jaculi,Not zoonotic
Bartonella japonica,Not zoonotic
Bartonella pachyuromydis,Not zoonotic
Bartonella peromysci,Not zoonotic
Bartonella phoceensis,Not zoonotic
Bartonella rattimassiliensis,Not zoonotic
Bartonella tamiae,Not zoonotic
Basilea psittacipulmonis,Not zoonotic
Bergeriella denitrificans,Not zoonotic
Bifidobacterium adolescentis,Not zoonotic
Bifidobacterium aesculapii,Not zoonotic
Bifidobacterium angulatum,Not zoonotic
Bifidobacterium biavatii,Not zoonotic
Bifidobacterium callitrichos,Not zoonotic
Bifidobacterium catenulatum,Not zoonotic
Bifidobacterium cuniculi,Not zoonotic
Bifidobacterium dentium,Not zoonotic
Bifidobacterium faecale,Not zoonotic
Bifidobacterium gallicum,Not zoonotic
Bifidobacterium gallinarum,Not zoonotic
Bifidobacterium hapali,Not zoonotic
Bifidobacterium kashiwanohense,Not zoonotic
Bifidobacterium lemurum,Not zoonotic
Bifidobacterium magnum,Not zoonotic
Bifidobacterium merycicum,Not zoonotic
Bifidobacterium moukalabense,Not zoonotic
Bifidobacterium myosotis,Not zoonotic
Bifidobacterium psychraerophilum,Not zoonotic
Bifidobacterium pullorum,Not zoonotic
Bifidobacterium reuteri,Not zoonotic
Bifidobacterium ruminantium,Not zoonotic
Bifidobacterium saeculare,Not zoonotic
Bifidobacterium saguini,Not zoonotic
Bifidobacterium scardovii,Not zoonotic
Bifidobacterium stellenboschense,Not zoonotic
Bifidobacterium thermacidophilum,Not zoonotic
Bifidobacterium tissieri,Not zoonotic
Bifidobacterium tsurumiense,Not zoonotic
Bilophila wadsworthia,Not zoonotic
Bisgaardia miroungae,Not zoonotic
Blautia faecis,Not zoonotic
Blautia hansenii,Not zoonotic
Blautia hydrogenotrophica,Not zoonotic
Blautia luti,Not zoonotic
Blautia obeum,Not zoonotic
Blautia producta,Not zoonotic
Blautia schinkii,Not zoonotic
Blautia stercoris,Not zoonotic
Blautia wexlerae,Not zoonotic
Bordetella bronchialis,Not zoonotic
Bordetella flabilis,Not zoonotic
Bordetella holmesii,Not zoonotic
Bordetella pertussis,Not zoonotic
Bordetella petrii,Not zoonotic
Bordetella sputigena,Not zoonotic
Bordetella trematum,Not zoonotic
Borrelia brasiliensis,Not zoonotic
Borrelia caucasica,Not zoonotic
Borrelia latyschewii,Zoonotic
Borrelia mazzottii,Zoonotic
Borrelia recurrentis,Not zoonotic
Borrelia turicatae,Zoonotic
Borrelia venezuelensis,Not zoonotic
Borreliella turdi,Not zoonotic
Bosea massiliensis,Not zoonotic
Brachybacterium muris,Not zoonotic
Brackiella oedipodis,Not zoonotic
Bradyrhizobium denitrificans,Not zoonotic
Branchiibius cervicis,Not zoonotic
Branchiibius hedensis,Not zoonotic
Brevibacillus agri,Not zoonotic
Brevibacillus brevis,Not zoonotic
Brevibacillus centrosporus,Not zoonotic
Brevibacterium avium,Not zoonotic
Brevibacterium casei,Not zoonotic
Brevibacterium epidermidis,Not zoonotic
Brevibacterium iodinum,Not zoonotic
Brevibacterium luteolum,Not zoonotic
Brevibacterium mcbrellneri,Not zoonotic
Brevibacterium otitidis,Not zoonotic
Brevibacterium paucivorans,Not zoonotic
Brevibacterium ravenspurgense,Not zoonotic
Brevibacterium sanguinis,Not zoonotic
Brevundimonas diminuta,Not zoonotic
Brevundimonas vancanneytii,Not zoonotic
Brevundimonas vesicularis,Not zoonotic
Brucella neotomae,Not zoonotic
Brucella ovis,Not zoonotic
Budvicia aquatica,Not zoonotic
Bulleidia extructa,Not zoonotic
Burkholderia ambifaria,Not zoonotic
Burkholderia anthina,Not zoonotic
Burkholderia arboris,Not zoonotic
Burkholderia cenocepacia,Not zoonotic
Burkholderia diffusa,Not zoonotic
Burkholderia dolosa,Not zoonotic
Burkholderia lata,Not zoonotic
Burkholderia latens,Not zoonotic
Burkholderia metallica,Not zoonotic
Burkholderia multivorans,Not zoonotic
Burkholderia oklahomensis,Not zoonotic
Burkholderia pyrrocinia,Not zoonotic
Burkholderia seminalis,Not zoonotic
Burkholderia stabilis,Not zoonotic
Burkholderia thailandensis,Not zoonotic
Burkholderia ubonensis,Not zoonotic
Burkholderia vietnamiensis,Not zoonotic
Buttiauxella gaviniae,Not zoonotic
Butyricicoccus pullicaecorum,Not zoonotic
Butyricimonas faecihominis,Not zoonotic
Butyricimonas paravirosa,Not zoonotic
Butyricimonas synergistica,Not zoonotic
Camelimonas abortus,Not zoonotic
Camelimonas lactis,Not zoonotic
Campylobacter canadensis,Not zoonotic
Campylobacter concisus,Not zoonotic
Campylobacter corcagiensis,Not zoonotic
Campylobacter cuniculorum,Not zoonotic
Campylobacter curvus,Not zoonotic
Campylobacter gracilis,Not zoonotic
Campylobacter helveticus,Not zoonotic
Campylobacter hominis,Not zoonotic
Campylobacter rectus,Not zoonotic
Campylobacter showae,Zoonotic
Campylobacter volucris,Not zoonotic
Canibacter oris,Not zoonotic
Capnocytophaga gingivalis,Not zoonotic
Capnocytophaga granulosa,Not zoonotic
Capnocytophaga haemolytica,Not zoonotic
Capnocytophaga leadbetteri,Not zoonotic
Capnocytophaga ochracea,Not zoonotic
Capnocytophaga sputigena,Not zoonotic
Cardiobacterium valvarum,Not zoonotic
Catabacter hongkongensis,Not zoonotic
Catenibacterium mitsuokai,Not zoonotic
Catonella morbi,Not zoonotic
Cedecea davisae,Not zoonotic
Cedecea lapagei,Not zoonotic
Cedecea neteri,Not zoonotic
Cellulomonas denverensis,Not zoonotic
Cellulomonas hominis,Not zoonotic
Cellulomonas massiliensis,Not zoonotic
Cellulosimicrobium funkei,Not zoonotic
Centipeda periodontii,Not zoonotic
Chelonobacter oris,Not zoonotic
Chitinophaga terrae,Not zoonotic
Chlamydia avium,Not zoonotic
Chlamydia trachomatis,Not zoonotic
Chromobacterium haemolyticum,Not zoonotic
Chryseobacterium anthropi,Not zoonotic
Chryseobacterium bernardetii,Not zoonotic
Chryseobacterium carnis,Not zoonotic
Chryseobacterium chaponense,Not zoonotic
Chryseobacterium gallinarum,Not zoonotic
Chryseobacterium gleum,Not zoonotic
Chryseobacterium lactis,Not zoonotic
Chryseobacterium nakagawai,Not zoonotic
Chryseobacterium oncorhynchi,Not zoonotic
Chryseobacterium oranimense,Not zoonotic
Chryseobacterium scophthalmum,Not zoonotic
Chryseobacterium shigense,Not zoonotic
Chryseobacterium treverense,Not zoonotic
Chryseobacterium tructae,Not zoonotic
Chryseobacterium viscerum,Not zoonotic
Citrobacter amalonaticus,Not zoonotic
Citrobacter braakii,Not zoonotic
Citrobacter farmeri,Not zoonotic
Citrobacter gillenii,Not zoonotic
Citrobacter murliniae,Not zoonotic
Citrobacter pasteurii,Not zoonotic
Citrobacter werkmanii,Not zoonotic
Citrobacter youngae,Not zoonotic
Clostridium baratii,Not zoonotic
Clostridium butyricum,Not zoonotic
Clostridium cadaveris,Not zoonotic
Clostridium celatum,Not zoonotic
Clostridium moniliforme,Not zoonotic
Clostridium sporogenes,Not zoonotic
Clostridium vulturis,Not zoonotic
Collinsella aerofaciens,Not zoonotic
Collinsella intestinalis,Not zoonotic
Collinsella stercoris,Not zoonotic
Collinsella tanakaei,Not zoonotic
Comamonas kerstersii,Not zoonotic
Comamonas testosteroni,Not zoonotic
Coprobacter fastidiosus,Not zoonotic
Corynebacterium accolens,Not zoonotic
Corynebacterium afermentans,Not zoonotic
Corynebacterium appendicis,Not zoonotic
Corynebacterium aquatimens,Not zoonotic
Corynebacterium argentoratense,Not zoonotic
Corynebacterium aurimucosum,Not zoonotic
Corynebacterium auris,Not zoonotic
Corynebacterium auriscanis,Zoonotic
Corynebacterium camporealensis,Not zoonotic
Corynebacterium canis,Not zoonotic
Corynebacterium capitovis,Not zoonotic
Corynebacterium caspium,Not zoonotic
Corynebacterium ciconiae,Not zoonotic
Corynebacterium confusum,Not zoonotic
Corynebacterium coyleae,Not zoonotic
Corynebacterium cystitidis,Not zoonotic
Corynebacterium durum,Not zoonotic
Corynebacterium freiburgense,Not zoonotic
Corynebacterium freneyi,Zoonotic
Corynebacterium hansenii,Not zoonotic
Corynebacterium imitans,Not zoonotic
Corynebacterium lipophiloflavum,Not zoonotic
Corynebacterium massiliense,Not zoonotic
Corynebacterium minutissimum,Not zoonotic
Corynebacterium mucifaciens,Not zoonotic
Corynebacterium mustelae,Not zoonotic
Corynebacterium mycetoides,Not zoonotic
Corynebacterium pelargi,Not zoonotic
Corynebacterium phocae,Not zoonotic
Corynebacterium pilbarense,Not zoonotic
Corynebacterium pilosum,Not zoonotic
Corynebacterium propinquum,Not zoonotic
Corynebacterium pseudodiphthericum,Not zoonotic
Corynebacterium pyruviciproducens,Not zoonotic
Corynebacterium resistens,Not zoonotic
Corynebacterium riegelii,Not zoonotic
Corynebacterium sphenisci,Not zoonotic
Corynebacterium spheniscorum,Not zoonotic
Corynebacterium sputi,Not zoonotic
Corynebacterium striatum,Not zoonotic
Corynebacterium suicordis,Not zoonotic
Corynebacterium sundsvallense,Not zoonotic
Corynebacterium timonense,Not zoonotic
Corynebacterium trachiae,Not zoonotic
Corynebacterium tuberculostearicum,Not zoonotic
Corynebacterium ulceribovis,Not zoonotic
Corynebacterium ureicelerivorans,Not zoonotic
Corynebacterium uterequi,Not zoonotic
Cronobacter dublinensis,Not zoonotic
Cronobacter malonaticus,Not zoonotic
Cronobacter sakazakii,Not zoonotic
Cronobacter turicensis,Not zoonotic
Cronobacter universalis,Not zoonotic
Crossiella equi,Not zoonotic
Cruoricaptor ignavus,Not zoonotic
Cryptobacterium curtum,Not zoonotic
Cupriavidus gilardii,Not zoonotic
Cupriavidus metallidurans,Not zoonotic
Cupriavidus pauculus,Not zoonotic
Cupriavidus respiraculi,Not zoonotic
Curtobacterium flaccumfaciens,Not zoonotic
Delftia lacustris,Not zoonotic
Delftia tsuruhatensis,Not zoonotic
Dermabacter hominis,Not zoonotic
Dermacoccus barathri,Not zoonotic
Desmospora activa,Not zoonotic
Desulfomicrobium orale,Not zoonotic
Desulfovibrio desulfuricans,Not zoonotic
Desulfovibrio intestinalis,Not zoonotic
Desulfovibrio legallii,Not zoonotic
Desulfovibrio piger,Not zoonotic
Desulfovibrio vulgaris,Not zoonotic
Dialister invisus,Not zoonotic
Dialister micraerophilus,Not zoonotic
Dialister pneumosintes,Not zoonotic
Dialister propionicifaciens,Not zoonotic
Dialister succinatiphilus,Not zoonotic
Dietzia aurantiaca,Not zoonotic
Dietzia cinnamea,Not zoonotic
Dietzia maris,Not zoonotic
Dietzia papillomatosis,Not zoonotic
Diplorickettsia massiliensis,Not zoonotic
Dokdonella koreensis,Not zoonotic
Dolosigranulum pigrum,Not zoonotic
Dorea formicigenerans,Not zoonotic
Dorea longicatena,Not zoonotic
Dyella japonica,Not zoonotic
Dysgonomonas capnocytophagoides,Not zoonotic
Dysgonomonas gadei,Not zoonotic
Dysgonomonas hofstadii,Not zoonotic
Dysgonomonas mossii,Not zoonotic
Effusibacillus consociatus,Not zoonotic
Eggerthella lenta,Not zoonotic
Eggerthella sinensis,Not zoonotic
Eggerthia catenaformis,Not zoonotic
Eisenbergiella tayi,Not zoonotic
Elizabethkingia anophelis,Not zoonotic
Elizabethkingia miricola,Not zoonotic
Empedobacter brevis,Zoonotic
Empedobacter falsenii,Not zoonotic
Enteractinococcus coprophilus,Not zoonotic
Enterobacter asburiae,Not zoonotic
Enterobacter cancerogenus,Not zoonotic
Enterobacter hormaechei,Not zoonotic
Enterobacter kobei,Not zoonotic
Enterococcus alcedinis,Not zoonotic
Enterococcus asini,Not zoonotic
Enterococcus caccae,Not zoonotic
Enterococcus casseliflavus,Zoonotic
Enterococcus columbae,Not zoonotic
Enterococcus gilvus,Not zoonotic
Enterococcus mundtii,Not zoonotic
Enterococcus pallens,Not zoonotic
Enterococcus pseudoavium,Not zoonotic
Enterococcus ratti,Not zoonotic
Enterococcus villorum,Not zoonotic
Eremococcus coleocola,Not zoonotic
Erwinia persicinus,Not zoonotic
Erysipelatoclostridium ramosum,Not zoonotic
Erysipelothrix tonsillarum,Not zoonotic
Escherichia marmotae,Not zoonotic
Eubacterium callanderi,Not zoonotic
Eubacterium combesii,Not zoonotic
Eubacterium limosum,Not zoonotic
Eubacterium multiforme,Not zoonotic
Eubacterium plexicaudatum,Not zoonotic
Ewingella americana,Not zoonotic
Exiguobacterium acetylicum,Not zoonotic
Exiguobacterium aurantiacum,Not zoonotic
Facklamia hominis,Not zoonotic
Facklamia ignava,Not zoonotic
Facklamia languida,Not zoonotic
Facklamia miroungae,Not zoonotic
Faecalitalea cylindroides,Not zoonotic
Falsiporphyromonas endometrii,Not zoonotic
Fastidiosipila sanguinis,Not zoonotic
Filifactor alocis,Not zoonotic
Filifactor villosus,Not zoonotic
Filobacterium rodentium,Not zoonotic
Finegoldia magna,Not zoonotic
Flavobacterium araucananum,Not zoonotic
Flavobacterium chilense,Not zoonotic
Flavobacterium oncorhynchi,Not zoonotic
Flavobacterium piscis,Not zoonotic
Flavobacterium plurextorum,Not zoonotic
Flavobacterium spartansii,Not zoonotic
Fluoribacter bozemanae,Not zoonotic
Fluoribacter dumoffii,Not zoonotic
Fluoribacter gormanii,Not zoonotic
Francisella hispaniensis,Not zoonotic
Francisella philomiragia,Not zoonotic
Fretibacterium fastidiosum,Not zoonotic
Fusobacterium canifelinum,Not zoonotic
Fusobacterium equinum,Not zoonotic
Fusobacterium gonidiaformans,Not zoonotic
Fusobacterium mortiferum,Not zoonotic
Fusobacterium naviforme,Not zoonotic
Fusobacterium periodonticum,Not zoonotic
Fusobacterium simiae,Not zoonotic
Fusobacterium ulcerans,Not zoonotic
Fusobacterium varium,Not zoonotic
Gallibacterium trehalosifermentans,Not zoonotic
Gemella asaccharolytica,Not zoonotic
Gemella bergeri,Not zoonotic
Gemella cuniculi,Not zoonotic
Gemella haemolysans,Not zoonotic
Gemella morbillorum,Not zoonotic
Gemella parahaemolysans,Not zoonotic
Gemella sanguinis,Not zoonotic
Gemella taiwanensis,Not zoonotic
Globicatella sanguinis,Not zoonotic
Gordonia araii,Not zoonotic
Gordonia bronchialis,Zoonotic
Gordonia effusa,Not zoonotic
Gordonia iterans,Not zoonotic
Gordonia otitidis,Not zoonotic
Gordonia polyisoprenivorans,Not zoonotic
Gordonia rubripertincta,Not zoonotic
Gordonia sputi,Not zoonotic
Gordonia terrae,Not zoonotic
Gordonibacter pamelaeae,Not zoonotic
Granulicatella adiacens,Not zoonotic
Granulicatella balaenopterae,Not zoonotic
Granulicatella elegans,Not zoonotic
Gryllotalpicola ginsengisoli,Not zoonotic
Guggenheimella bovis,Not zoonotic
Haematobacter massiliensis,Not zoonotic
Haematobacter missouriensis,Not zoonotic
Haemophilus aegyptius,Not zoonotic
Haemophilus haemolyticus,Not zoonotic
Haemophilus influenzae,Not zoonotic
Haemophilus paracuniculus,Not zoonotic
Haemophilus paraphrohaemolyticus,Not zoonotic
Haemophilus pittmaniae,Not zoonotic
Haemophilus sputorum,Not zoonotic
Hafnia paralvei,Not zoonotic
Halomonas hamiltonii,Not zoonotic
Halomonas johnsoniae,Not zoonotic
Halomonas stevensii,Not zoonotic
Halomonas venusta,Not zoonotic
Hathewaya histolytica,Not zoonotic
Helcococcus sueciensis,Not zoonotic
Helicobacter aurati,Not zoonotic
Helicobacter baculiformis,Not zoonotic
Helicobacter bizzozeronii,Zoonotic
Helicobacter cholecystus,Not zoonotic
Helicobacter equorum,Not zoonotic
Helicobacter fennelliae,Zoonotic
Helicobacter himalayensis,Not zoonotic
Helicobacter mastomyrinus,Not zoonotic
Helicobacter mesocricetorum,Not zoonotic
Helicobacter mustelae,Not zoonotic
Helicobacter rodentium,Not zoonotic
Helicobacter trogontum,Not zoonotic
Helicobacter typhlonius,Not zoonotic
Hungatella hathewayi,Not zoonotic
Ignatzschineria indica,Not zoonotic
Ignatzschineria larvae,Not zoonotic
Inquilinus limosus,Not zoonotic
Janibacter melonis,Not zoonotic
Kerstersia gyiorum,Not zoonotic
Kerstersia similis,Not zoonotic
Kingella denitrificans,Not zoonotic
Kingella kingae,Not zoonotic
Kingella oralis,Not zoonotic
Klebsiella granulomatis,Not zoonotic
Klebsiella quasipneumoniae,Not zoonotic
Klebsiella variicola,Not zoonotic
Kocuria kristinae,Not zoonotic
Kocuria marina,Not zoonotic
Kocuria rhizophila,Not zoonotic
Kocuria rosea,Not zoonotic
Kocuria salsicia,Not zoonotic
Kocuria varians,Not zoonotic
Kytococcus schroeteri,Not zoonotic
Kytococcus sedentarius,Not zoonotic
Lachnoanaerobaculum saburreum,Not zoonotic
Lachnoanaerobaculum umeaense,Not zoonotic
Lactobacillus acidophilus,Not zoonotic
Lactobacillus casei,Not zoonotic
Lactobacillus delbrueckii,Not zoonotic
Lactobacillus fermentum,Not zoonotic
Lactobacillus gasseri,Not zoonotic
Lactobacillus jensenii,Not zoonotic
Lactobacillus plantarum,Not zoonotic
Lactobacillus rhamnosus,Not zoonotic
Lactobacillus sakei,Not zoonotic
Lactobacillus salivarius,Not zoonotic
Lactobacillus zeae,Not zoonotic
Leclercia adecarboxylata,Not zoonotic
Legionella anisa,Not zoonotic
Legionella birminghamensis,Not zoonotic
Legionella cardiaca,Not zoonotic
Legionella cherrii,Not zoonotic
Legionella cincinnatiensis,Not zoonotic
Legionella feeleii,Not zoonotic
Legionella hackeliae,Not zoonotic
Legionella jordanis,Not zoonotic
Legionella lansingensis,Not zoonotic
Legionella londiniensis,Not zoonotic
Legionella longbeachae,Not zoonotic
Legionella maceachernii,Not zoonotic
Legionella nagasakiensis,Not zoonotic
Legionella oakridgensis,Not zoonotic
Legionella parisiensis,Not zoonotic
Legionella pneumophila,Not zoonotic
Legionella rubrilucens,Not zoonotic
Legionella sainthelensi,Not zoonotic
Legionella tucsonensis,Not zoonotic
Legionella wadsworthii,Not zoonotic
Legionella waltersii,Not zoonotic
Leifsonia aquatica,Not zoonotic
Lelliottia amnigena,Not zoonotic
Leminorella grimontii,Not zoonotic
Leptospira broomii,Not zoonotic
Leptospira mayottensis,Not zoonotic
Leptospira meyeri,Not zoonotic
Leptotrichia buccalis,Not zoonotic
Leptotrichia trevisanii,Not zoonotic
Leuconostoc lactis,Not zoonotic
Leuconostoc mesenteroides,Not zoonotic
Leuconostoc pseudomesenteroides,Not zoonotic
Listeria grayi,Not zoonotic
Luteibacter rhizovicinus,Not zoonotic
Lysinibacillus sphaericus,Not zoonotic
Mannheimia caviae,Not zoonotic
Mannheimia ruminalis,Not zoonotic
Massilia oculi,Not zoonotic
Massilia timonae,Not zoonotic
Megasphaera spp,Not zoonotic
Methylobacterium mesophilicum,Not zoonotic
Methylobacterium zatmanii,Not zoonotic
Microbacterium binotii,Not zoonotic
Microbacterium paraoxydans,Not zoonotic
Micrococcus luteus,Not zoonotic
Microvirgula aerodenitrificans,Not zoonotic
Mobiluncus curtisii,Not zoonotic
Mobiluncus mulieris,Not zoonotic
Mogibacterium pumilum,Not zoonotic
Mogibacterium timidum,Not zoonotic
Mogibacterium vescum,Not zoonotic
Moraxella atlantae,Zoonotic
Moraxella caprae,Not zoonotic
Moraxella catarrhalis,Not zoonotic
Moraxella lincolnii,Not zoonotic
Moraxella nonliquefaciens,Not zoonotic
Moraxella porci,Not zoonotic
Mycobacterium algericum,Not zoonotic
Mycobacterium alsense,Not zoonotic
Mycobacterium alvei,Not zoonotic
Mycobacterium arosiense,Not zoonotic
Mycobacterium arupense,Not zoonotic
Mycobacterium aubagnense,Not zoonotic
Mycobacterium bacteremicum,Not zoonotic
Mycobacterium boenickei,Not zoonotic
Mycobacterium bourgelatii,Not zoonotic
Mycobacterium branderi,Not zoonotic
Mycobacterium brisbanense,Not zoonotic
Mycobacterium canariasense,Not zoonotic
Mycobacterium chimaera,Not zoonotic
Mycobacterium colombiense,Not zoonotic
Mycobacterium conceptionense,Not zoonotic
Mycobacterium conspicuum,Not zoonotic
Mycobacterium cosmeticum,Not zoonotic
Mycobacterium europaeum,Not zoonotic
Mycobacterium flavescens,Not zoonotic
Mycobacterium florentinum,Not zoonotic
Mycobacterium gastri,Not zoonotic
Mycobacterium heidelbergense,Not zoonotic
Mycobacterium heraklionense,Not zoonotic
Mycobacterium immunogenum,Not zoonotic
Mycobacterium intracellulare,Not zoonotic
Mycobacterium iranicum,Not zoonotic
Mycobacterium koreense,Not zoonotic
Mycobacterium lentiflavum,Not zoonotic
Mycobacterium llatzerense,Not zoonotic
Mycobacterium longobardum,Not zoonotic
Mycobacterium mageritense,Not zoonotic
Mycobacterium malmoense,Not zoonotic
Mycobacterium mantenii,Not zoonotic
Mycobacterium marseillense,Not zoonotic
Mycobacterium monacense,Not zoonotic
Mycobacterium mucogenicum,Not zoonotic
Mycobacterium nebraskense,Not zoonotic
Mycobacterium neoaurum,Not zoonotic
Mycobacterium nonchromogenicum,Not zoonotic
Mycobacterium paraffinicum,Not zoonotic
Mycobacterium paragordonae,Not zoonotic
Mycobacterium parakoreense,Not zoonotic
Mycobacterium parascrofulaceum,Not zoonotic
Mycobacterium phocaicum,Not zoonotic
Mycobacterium rhodesiae,Not zoonotic
Mycobacterium riyadhense,Not zoonotic
Mycobacterium septicum,Not zoonotic
Mycobacterium setense,Not zoonotic
Mycobacterium sherrisii,Not zoonotic
Mycobacterium shimoidei,Not zoonotic
Mycobacterium shinjukuense,Not zoonotic
Mycobacterium terrae,Not zoonotic
Mycobacterium thermoresistibile,Not zoonotic
Mycobacterium timonense,Not zoonotic
Mycobacterium tokaiense,Not zoonotic
Mycobacterium triplex,Not zoonotic
Mycobacterium triviale,Not zoonotic
Mycobacterium wolinskyi,Not zoonotic
Mycoplasma adleri,Not zoonotic
Mycoplasma alkalescens,Not zoonotic
Mycoplasma amphoriforme,Not zoonotic
Mycoplasma anatis,Not zoonotic
Mycoplasma bovoculi,Not zoonotic
Mycoplasma californicum,Not zoonotic
Mycoplasma canadense,Not zoonotic
Mycoplasma columborale,Not zoonotic
Mycoplasma corogypsi,Not zoonotic
Mycoplasma crocodyli,Not zoonotic
Mycoplasma dispar,Not zoonotic
Mycoplasma fermentans,Not zoonotic
Mycoplasma gateae,Not zoonotic
Mycoplasma genitalium,Zoonotic
Mycoplasma hyopneumoniae,Not zoonotic
Mycoplasma hyorhinis,Not zoonotic
Mycoplasma hyosynoviae,Not zoonotic
Mycoplasma iguanae,Not zoonotic
Mycoplasma iowae,Not zoonotic
Mycoplasma leachii,Not zoonotic
Mycoplasma meleagridis,Not zoonotic
Mycoplasma orale,Not zoonotic
Mycoplasma penetrans,Not zoonotic
Mycoplasma pirum,Not zoonotic
Mycoplasma putrefaciens,Not zoonotic
Mycoplasma suis,Not zoonotic
Mycoplasma testudineum,Not zoonotic
Mycoplasma wenyonii,Not zoonotic
Myroides odoratimimus,Not zoonotic
Myroides odoratus,Not zoonotic
Neisseria animaloris,Zoonotic
Neisseria bacilliformis,Not zoonotic
Neisseria cinerea,Not zoonotic
Neisseria flavescens,Not zoonotic
Neisseria gonorrhoeae,Not zoonotic
Neisseria lactamica,Not zoonotic
Neisseria meningitidis,Not zoonotic
Neisseria mucosa,Not zoonotic
Neisseria perflava,Not zoonotic
Neisseria sicca,Not zoonotic
Neisseria subflava,Not zoonotic
Neisseria weaveri,Zoonotic
Neisseria zoodegmatis,Zoonotic
Nicoletella semolina,Not zoonotic
Nocardia abscessus,Not zoonotic
Nocardia amikacinitolerans,Not zoonotic
Nocardia anaemiae,Not zoonotic
Nocardia aobensis,Not zoonotic
Nocardia araoensis,Not zoonotic
Nocardia asiatica,Not zoonotic
Nocardia beijingensis,Not zoonotic
Nocardia blacklockiae,Not zoonotic
Nocardia concava,Not zoonotic
Nocardia exalbida,Not zoonotic
Nocardia harenae,Not zoonotic
Nocardia higoensis,Not zoonotic
Nocardia ignorata,Not zoonotic
Nocardia kroppenstedtii,Not zoonotic
Nocardia kruczakiae,Not zoonotic
Nocardia mexicana,Not zoonotic
Nocardia mikamii,Not zoonotic
Nocardia niigatensis,Not zoonotic
Nocardia niwae,Not zoonotic
Nocardia paucivorans,Not zoonotic
Nocardia pneumoniae,Not zoonotic
Nocardia pseudobrasiliensis,Zoonotic
Nocardia salmonicida,Not zoonotic
Nocardia takedensis,Not zoonotic
Nocardia tenerifensis,Not zoonotic
Nocardia terpenica,Not zoonotic
Nocardia transvalensis,Not zoonotic
Nocardia wallacei,Not zoonotic
Nocardia yamanashiensis,Not zoonotic
Nocardiopsis dassonvillei,Not zoonotic
Ochrobactrum intermedium,Not zoonotic
Odoribacter splanchnicus,Not zoonotic
Oerskovia turbata,Not zoonotic
Oligella ureolytica,Not zoonotic
Oligella urethralis,Not zoonotic
Orientia tsutsugamushi,Zoonotic
Paenibacillus alvei,Not zoonotic
Paenibacillus cineris,Not zoonotic
Paenibacillus glucanolyticus,Not zoonotic
Paenibacillus larvae,Not zoonotic
Paenibacillus macerans,Not zoonotic
Paenibacillus pasadenensis,Not zoonotic
Paenibacillus sputi,Not zoonotic
Paenibacillus thiaminolyticus,Not zoonotic
Pandoraea apista,Not zoonotic
Pandoraea pnomenusa,Not zoonotic
Pandoraea pulmonicola,Not zoonotic
Pandoraea sputorum,Not zoonotic
Pantoea ananatis,Not zoonotic
Pantoea calida,Not zoonotic
Parabacteroides distasonis,Not zoonotic
Parabacteroides goldsteinii,Not zoonotic
Parabacteroides merdae,Not zoonotic
Paraclostridium bifermentans,Not zoonotic
Paracoccus yeei,Not zoonotic
Paraeggerthella hongkongensis,Not zoonotic
Parvimonas micra,Not zoonotic
Pasteurella bettyae,Not zoonotic
Pasteurella skyensis,Not zoonotic
Pelistega europaea,Not zoonotic
Peptoniphilus asaccharolyticus,Not zoonotic
Peptoniphilus coxii,Not zoonotic
Peptoniphilus duerdenii,Not zoonotic
Peptoniphilus gorbachii,Not zoonotic
Peptoniphilus harei,Not zoonotic
Peptoniphilus koenoeneniae,Not zoonotic
Peptoniphilus olsenii,Not zoonotic
Peptoniphilus tyrrelliae,Not zoonotic
Photorhabdus asymbiotica,Not zoonotic
Pluralibacter gergoviae,Not zoonotic
Porphyromonas asaccharolytica,Not zoonotic
Porphyromonas bennonis,Not zoonotic
Porphyromonas canoris,Zoonotic
Porphyromonas catoniae,Not zoonotic
Porphyromonas endodontalis,Zoonotic
Porphyromonas somerae,Not zoonotic
Porphyromonas uenonis,Not zoonotic
Prevotella bergensis,Not zoonotic
Prevotella buccae,Not zoonotic
Prevotella buccalis,Not zoonotic
Prevotella corporis,Not zoonotic
Prevotella dentalis,Not zoonotic
Prevotella denticola,Zoonotic
Prevotella disiens,Not zoonotic
Prevotella enoeca,Not zoonotic
Prevotella intermedia,Zoonotic
Prevotella loescheii,Not zoonotic
Prevotella melaninogenica,Zoonotic
Prevotella multiformis,Not zoonotic
Prevotella multisaccharivorax,Not zoonotic
Prevotella nigrescens,Not zoonotic
Prevotella oralis,Not zoonotic
Prevotella oris,Not zoonotic
Prevotella oulorum,Not zoonotic
Prevotella timonensis,Not zoonotic
Prevotella veroralis,Not zoonotic
Propionibacterium acidifaciens,Not zoonotic
Propionibacterium australiense,Not zoonotic
Propionibacterium avidum,Not zoonotic
Propionibacterium granulosum,Not zoonotic
Proteus penneri,Not zoonotic
Pseudoclavibacter bifida,Not zoonotic
Pseudomonas alcaligenes,Not zoonotic
Pseudomonas baetica,Not zoonotic
Pseudomonas fulva,Not zoonotic
Pseudomonas luteola,Not zoonotic
Pseudomonas mendocina,Not zoonotic
Pseudomonas mosselii,Not zoonotic
Pseudomonas oryzihabitans,Not zoonotic
Pseudomonas otitidis,Not zoonotic
Pseudomonas pseudoalcaligenes,Not zoonotic
Pseudomonas stutzeri,Not zoonotic
Pseudonocardia autotrophica,Not zoonotic
Pseudonocardia oroxyli,Not zoonotic
Pseudoramibacter alactolyticus,Not zoonotic
Psychrobacter arenosus,Not zoonotic
Psychrobacter sanguinis,Not zoonotic
Rahnella aquatilis,Not zoonotic
Ralstonia insidiosa,Not zoonotic
Ralstonia mannitolilytica,Not zoonotic
Ralstonia pickettii,Zoonotic
Raoultella ornithinolytica,Zoonotic
Raoultella planticola,Not zoonotic
Rhodococcus corynebacterioides,Not zoonotic
Rhodococcus fascians,Not zoonotic
Rhodococcus globerulus,Not zoonotic
Rhodococcus rhodnii,Not zoonotic
Rhodococcus rhodochrous,Not zoonotic
Rickettsia aeschlimannii,Zoonotic
Rickettsia africae,Zoonotic
Rickettsia bellii,Not zoonotic
Rickettsia massiliae,Zoonotic
Riemerella columbina,Not zoonotic
Roseomonas cervicalis,Not zoonotic
Roseomonas gilardii,Not zoonotic
Roseomonas mucosa,Not zoonotic
Rothia aeria,Not zoonotic
Rothia dentocariosa,Not zoonotic
Rothia mucilaginosa,Not zoonotic
Saccharomonospora viridis,Not zoonotic
Saccharopolyspora rectivirgula,Not zoonotic
Saccharopolyspora rosea,Not zoonotic
Salmonella enterica subsp. enterica serovar Typhi,Not zoonotic
Scardovia wiggsiae,Not zoonotic
Sciscionella marina,Not zoonotic
Sebaldella termitidis,Not zoonotic
Segniliparus rotundus,Not zoonotic
Selenomonas artemidis,Not zoonotic
Selenomonas dianae,Not zoonotic
Selenomonas flueggei,Not zoonotic
Selenomonas infelix,Not zoonotic
Selenomonas noxia,Not zoonotic
Selenomonas sputigena,Not zoonotic
Serratia ficaria,Not zoonotic
Serratia odorifera,Not zoonotic
Serratia plymuthica,Not zoonotic
Serratia proteamaculans,Not zoonotic
Serratia rubidaea,Not zoonotic
Shewanella putrefaciens,Not zoonotic
Shewanella xiamenensis,Not zoonotic
Simkania negevensis,Not zoonotic
Slackia exigua,Not zoonotic
Sneathia sanguinegens,Not zoonotic
Solobacterium moorei,Zoonotic
Sphingobacterium multivorum,Not zoonotic
Sphingobacterium spiritivorum,Not zoonotic
Sphingomonas paucimobilis,Not zoonotic
Staphylococcus argenteus,Not zoonotic
Staphylococcus condimenti,Not zoonotic
Staphylococcus devriesei,Not zoonotic
Staphylococcus felis,Not zoonotic
Staphylococcus pettenkoferi,Not zoonotic
Streptobacillus felis,Not zoonotic
Streptobacillus hongkongensis,Not zoonotic
Streptococcus anginosus,Not zoonotic
Streptococcus australis,Not zoonotic
Streptococcus constellatus,Not zoonotic
Streptococcus cristatus,Not zoonotic
Streptococcus didelphis,Not zoonotic
Streptococcus gordonii,Not zoonotic
Streptococcus ictaluri,Not zoonotic
Streptococcus lactarius,Not zoonotic
Streptococcus mitis,Not zoonotic
Streptococcus mutans,Not zoonotic
Streptococcus oralis,Not zoonotic
Streptococcus pseudopneumoniae,Not zoonotic
Streptococcus pseudoporcinus,Not zoonotic
Streptococcus pyogenes,Not zoonotic
Streptococcus salivarius,Not zoonotic
Streptococcus sinensis,Not zoonotic
Streptococcus sobrinus,Not zoonotic
Streptococcus vestibularis,Not zoonotic
Streptomyces bikiniensis,Not zoonotic
Streptomyces cacaoi,Not zoonotic
Streptomyces lanatus,Not zoonotic
Streptomyces somaliensis,Not zoonotic
Streptomyces thermovulgaris,Not zoonotic
Sutterella wadsworthensis,Not zoonotic
Suttonella indologenes,Not zoonotic
Tannerella forsythia,Not zoonotic
Tatlockia micdadei,Not zoonotic
Tatumella ptyseos,Not zoonotic
Taylorella equigenitalis,Not zoonotic
Terrisporobacter glycolicus,Not zoonotic
Tissierella carlieri,Not zoonotic
Treponema amylovorum,Not zoonotic
Treponema brennaborense,Not zoonotic
Treponema denticola,Not zoonotic
Treponema lecithinolyticum,Not zoonotic
Treponema maltophilum,Not zoonotic
Treponema medium,Not zoonotic
Treponema paraluiscuniculi,Not zoonotic
Treponema parvum,Not zoonotic
Treponema pectinovorum,Not zoonotic
Treponema putidum,Not zoonotic
Treponema socranskii,Not zoonotic
Tropheryma whipplei,Not zoonotic
Tsukamurella hongkongensis,Not zoonotic
Tsukamurella inchonensis,Not zoonotic
Tsukamurella paurometabola,Not zoonotic
Tsukamurella pulmonis,Not zoonotic
Tsukamurella sinensis,Not zoonotic
Tsukamurella tyrosinosolvens,Not zoonotic
Turicella otitidis,Not zoonotic
Ureaplasma diversum,Not zoonotic
Ureaplasma urealyticum,Not zoonotic
Uruburuella suis,Not zoonotic
Varibaculum cambriense,Not zoonotic
Veillonella atypica,Not zoonotic
Veillonella denticariosi,Not zoonotic
Veillonella dispar,Not zoonotic
Veillonella montpellierensis,Not zoonotic
Veillonella parvula,Not zoonotic
Veillonella rogosae,Not zoonotic
Vibrio cholerae,Not zoonotic
Vibrio cincinnatiensis,Not zoonotic
Vibrio metschnikovii,Not zoonotic
Vibrio pelagius,Not zoonotic
Volucribacter amazonae,Not zoonotic
Weeksella virosa,Not zoonotic
Williamsia muralis,Not zoonotic
Xenophilus aerolatus,Not zoonotic
Yersinia bercovieri,Not zoonotic
Yokenella regensburgei,Not zoonotic
Morococcus cerebrosus,Not zoonotic
Capnocytophaga endodontalis,Not zoonotic
